Feature1,Feature2,Feature3,Feature4
13.745401188473625,6.8513292883861965,3.355351153623154,0.672702994208898
19.50714306409916,10.419009473783582,3.2228091916479986,0.7966813971913723
17.31993941811405,13.729458358764083,9.15629122468933,0.250467898792499
15.986584841970366,12.322248864095613,3.245915798645555,0.6248740996069989
11.560186404424366,13.065611478614498,3.447547535157679,0.5717459831437487
11.559945203362027,11.587833667107173,7.8345843617616735,0.8328303767882711
10.580836121681994,11.922765645178526,5.04765858205486,0.9060870604812605
18.66176145774935,13.491956515653193,7.990395012596631,0.012156771477386807
16.011150117432088,7.49668008859186,1.588295418079467,0.6740199190587927
17.080725777960453,9.894249636431404,5.388140743060458,0.05183579911972902
10.205844942958024,7.212094418196022,1.3025224016495436,0.5488586650773559
19.699098521619945,14.87668007996647,1.5638788310981906,0.2876327290436782
18.324426408004218,14.440593396866133,9.157937080099698,0.3067765995221412
12.123391106782762,5.394268113685059,2.2532083400583565,0.3529585034523566
11.818249672071007,12.055751725156885,5.791786140476954,0.6212924490496101
11.834045098534338,14.252483174156659,4.699860423406359,0.3340499656687692
13.042422429595376,6.805753451273335,4.126089936329584,0.7326990505902804
15.247564316322379,10.679452305526294,9.098500111185452,0.4045273855738697
14.319450186421157,14.154882975880419,1.1964105709794055,0.06835320030995862
12.912291401980418,5.339459785857988,6.9741071755803015,0.7837598424841072
16.118528947223794,11.9742026724684,9.670549907921954,0.285758324592706
11.394938606520418,7.973490073725507,6.041513651156578,0.43276687959926263
12.921446485352181,14.243961953765304,9.431402158297827,0.6854438832219015
13.663618432936918,14.710582451653679,1.470320913574214,0.332456157148712
14.56069984217036,14.442664891134338,4.769139871667452,0.056585656146715624
17.851759613930135,9.742142166574638,3.3414201186584602,0.3739210470128136
11.996737821583597,13.620426509893134,7.577388684826568,0.9444485826943034
15.142344384136116,13.445493985350703,9.83167381447522,0.6417343972985582
15.924145688620424,8.191004732432557,3.30877056199823,0.6714791486672069
10.464504127199977,13.289154741506774,6.88757141326667,0.6322821536376398
16.075448519014383,5.370076347154926,2.7828786948376614,0.1989921389594368
11.705241236872915,10.96269878482053,6.087972291144489,0.41833386410228013
10.650515929852794,7.30008837287703,5.175392380195026,0.7509397983633183
19.488855372533333,6.205668857772788,9.748047966683833,0.10137289755315915
19.656320330745594,5.769532016292091,6.476745454268199,0.27785277608971226
18.083973481164612,11.962887758781397,4.145557348781369,0.2763191084658536
13.046137691733707,8.398749637680663,2.0268620639914,0.432018927594506
10.97672114006384,12.247667715287616,2.361221458614411,0.9803687409421851
16.842330265121568,5.653563407989424,3.0278523695611157,0.06750254668382194
14.401524937396013,8.152903378306103,3.258699952062682,0.518700994380595
11.220382348447789,10.394912923753372,8.65554452057024,0.17936468201221045
14.951769101112703,12.907231648389637,6.051005094542724,0.9706765454097441
10.343885211152184,8.1875250293207,5.710518202369298,0.1133035047274642
19.093204020787823,11.25891376437009,2.0329198468229572,0.40360100236159124
12.58779981600017,13.85977748236187,8.741257240144915,0.7378849848346062
16.62522284353982,11.158631881823045,7.5053287288763535,0.7045544280274453
13.11711076089411,7.329594747536338,1.6090152571000143,0.42272863689393225
15.200680211778108,5.24400781556538,7.370515875067918,0.34652416795271823
15.467102793432797,13.700988739009299,5.8918439560838145,0.39761237855287057
11.84854455525527,5.212694108503872,1.7355281117210044,0.2642762631586393
19.695846277645586,13.747016726841995,5.124705773757908,0.2053329387067998
17.751328233611147,10.289371340272119,5.362266584170423,0.48303969755889
19.39498941564189,14.390676985128962,2.4919708614694818,0.2685337560676073
18.948273504276486,12.987832357736654,9.51128332300254,0.2874616648972501
15.978999788110851,14.979341105333376,8.649778343325957,0.6567560634745571
19.218742350231167,8.507118154517102,7.021201035961975,0.9685373316998922
10.884925020519194,12.67188288931127,5.160660049005465,0.6036372005593751
11.959828624191452,9.01930913609242,4.705889874260577,0.07697946706496628
10.45227288910538,9.798756203039089,6.858761204358587,0.07558361385406698
13.253303307632644,11.2750546321837,5.908886824662149,0.951423220845566
13.88677289689482,13.736771141863388,1.5604579529369706,0.29729079030733363
12.713490317738959,14.840834691992951,5.612523838932985,0.09206698608247543
18.287375091519294,12.682734138645182,8.257632555095554,0.5990445871503816
13.567533266935893,9.177667821673339,5.133158898372622,0.6236487782902661
12.809345096873807,9.213570022770702,1.4676091979884158,0.6485048201186882
15.426960831582484,12.375823015888916,8.076503794456297,0.2674020278575413
11.409242249747626,7.387771457683023,2.8122740392237695,0.015110684214475034
18.021969807540398,6.104741131313947,3.327587513992349,0.9650153694544719
10.745506436797708,8.546221576407765,2.482357180890663,0.2508930456911025
19.86886936600517,7.8723899165408175,3.971935583843478,0.6760262880525475
17.722447692966576,7.9630812045599,7.810763551197716,0.7066298698787096
11.987156815341724,7.336077510499099,5.674472735535436,0.6100074170794857
10.055221171236024,5.420931896363619,2.843931467356413,0.3129073942136482
18.15461428454834,5.1787393473341385,8.900470703368367,0.27109625376406576
17.06857343847617,14.877223897360315,8.916236694563763,0.5976682827027031
17.290071680409874,9.277731337358624,8.835205825414063,0.8660956336116915
17.71270346685946,8.843266471596817,3.1491659024338534,0.9467337289233956
10.740446517340903,11.7964728269307,5.061154097628893,0.10590580440375763
13.584657285442727,7.182538878650641,9.864906905267876,0.15482861259771985
11.158690595251297,14.499611839502254,7.948112286789914,0.9447362587830797
18.631034258755935,12.863450144155522,1.2445067910300383,0.7365352283347926
16.23298126827558,5.894110023122595,1.5868413213444286,0.8829938248297731
13.308980248526492,9.175807757849284,5.175382391310995,0.20263263413534316
10.635583502860236,13.791183075621646,9.182981852754041,0.5875858711094019
13.109823217156622,14.447320222914103,5.848316181574428,0.7011395944174736
13.251833220267471,9.674015112498697,5.480312572308612,0.6801118854469727
17.29606178338064,11.134113892107077,1.9492632996096753,0.4081516908666981
16.375574713552133,6.6703394609207525,6.911020942518647,0.015394891691308477
18.872127425763267,14.911686261369766,8.39892844540203,0.5829260568042631
14.722149251619493,7.316717013834434,4.423780067568061,0.25310153917960876
11.195942459383017,14.427317741351256,7.980506658327947,0.45025424614289034
17.13244787222995,11.496466489923684,9.680289885107305,0.9575810150838173
17.607850486168974,11.077367948788591,2.833898132149202,0.3990353176424347
15.612771975694962,10.126885110165086,5.709966680752672,0.8398016066644267
17.70967179954561,7.306698117177587,3.58424162276118,0.18854060574925113
14.937955963643908,6.765280320055083,8.135689771304554,0.6724604980250288
15.22732829381994,7.204862090701754,6.198340292930418,0.9770069544389435
14.275410183585496,6.864382621442545,6.711241757952734,0.10189310087293679
10.254191267440952,12.795844735667533,8.181227436543047,0.008319942227192012
11.078914269933044,8.501252591667301,4.563734253962094,0.43358279263261434
10.314291856867342,5.578426765633964,9.23581061566339,0.0926254830513672
16.364104112637804,14.691026301408113,5.797259805215259,0.7483843496762314
13.143559810763268,13.837858849634257,2.421593405518132,0.9145486638485589
15.085706911647028,14.27752283195213,7.263092063519222,0.43402097270875883
19.07566473926093,14.949078226464353,8.13935215394429,0.25871164215544096
12.49292229148875,6.738952492194873,3.85085509360774,0.4344033190066098
14.103829230356297,8.962420189026588,8.714613312988778,0.723447817850001
17.555511385430485,12.582384757040913,9.155289292891897,0.009054161580370979
12.287981654916225,11.960206180537922,3.4921403864002802,0.5894539894846972
10.76979909828793,6.538959063398551,9.851693254436999,0.6132916848873791
12.89751452913768,13.158331249906178,2.266403752438826,0.6376882468959355
11.612212872540045,7.244405718366607,2.81814101562241,0.2420220799808772
19.29697652342573,7.238176148226231,2.658023553142235,0.7140527233781268
18.08120379564417,10.369744228934135,9.045907390070834,0.0913914863317764
16.334037565104236,10.929399348417032,6.8886329709246565,0.1992703364668008
18.714605901877178,10.800862078378112,2.3689385490004558,0.8774700466544819
18.036720768991145,5.914868373977549,4.962910765315141,0.7387231507265664
11.865700588860358,13.774608626303804,6.5376822256282185,0.013745554011345251
18.92558998489978,7.65600042588706,1.7511767649044496,0.2483762603698002
15.393422419156508,6.295149212828042,8.94174731566605,0.21440648299316456
18.074401551640626,13.887480798689772,8.232431818973817,0.2708063280369726
18.96091299923493,14.556514982297534,5.5468609621897444,0.2475597702798864
13.180034749718638,13.621276172654506,9.704139537332534,0.06252629574284574
11.100519245276768,13.09516074724878,4.759848813475897,0.45894051659682034
12.279351625419416,11.552419806390217,9.85699287132848,0.7327334747861651
14.271077886262564,10.508573706091394,7.011279989232643,0.6067317247174364
18.18014765922493,5.869867599114102,6.712041459285473,0.6728716685980798
18.607305832563434,9.084532130706986,2.493594057662065,0.08114917853623915
10.069521305311907,8.72688517012314,8.937349824741796,0.9514907101767872
15.107473025775658,7.597537837603262,4.847407191285536,0.8384918338430248
14.174110031487789,12.234201136885849,2.460100652042314,0.8050903184956627
12.221078104707303,9.958757350787709,1.1134676797818313,0.8229838050417675
11.198653673336828,5.810462159076479,6.037801152745443,0.9327105081327614
13.37615171403628,7.201832019498113,5.746596599104087,0.5442539661136977
19.429097039125192,11.83258763659596,7.474182601322427,0.2002820178676259
13.232029320207552,5.761308594903002,9.01232247716022,0.6167836078525412
15.18790621743366,13.512069140487688,1.7146592617872658,0.742881493667939
17.030189588951778,9.951465270139742,7.583468413063261,0.7379173933540254
13.63629602379294,9.80586577326648,2.68670749687824,0.5214490241668801
19.717820827209607,10.924077846595175,8.723593478414475,0.06845871933357806
19.62447294942111,13.246809659251491,8.371571624754905,0.3711129384301278
12.517822958253642,8.47809207902193,5.867143794869899,0.9207666084633573
14.972485058923855,11.780161525590636,7.392185187609804,0.584448909757426
13.008783098167697,10.657319639957912,3.8291510186537354,0.5383319432557134
12.848404943774677,7.670282701694213,5.240511090395332,0.2688535143821935
10.368869473545328,13.78629986355158,8.394732079394245,0.3684489199165789
16.09564333979897,12.97426021606928,5.133386774558925,0.8953460891531693
15.026790232288615,11.584518346584254,4.220184387928976,0.6664630475268357
10.514787512499893,13.505817290942419,5.447912025252699,0.7873870267523329
12.786464642366115,13.672942009598025,8.454243271934965,0.45434542306765513
19.082658859666537,12.083629767150349,4.016872426337855,0.6302472194561579
12.395618906669725,13.37013328363672,2.5638543382216943,0.24838360874320753
11.448948720912231,11.974714616692836,7.408126182977027,0.7054608302834863
14.89452760277563,11.801407717603004,8.433803914372735,0.4276013337033373
19.856504541106005,11.186113782151843,1.9057373067118,0.4425455148147456
12.420552715115004,12.527166395576412,3.1588670148035023,0.6493223245768817
16.721355474058786,6.586051052930737,2.277747907848945,0.9362806214689267
17.616196153287177,13.808707591989284,4.131472704239499,0.06400634660862092
12.376375439923997,13.71843527745232,5.053158810148714,0.8247432373470076
17.282163486118595,5.2924728303455915,7.739437032669758,0.2923831104121931
13.677831327192532,13.258167505647627,6.860328263935067,0.4439194545063778
16.323058305935795,6.2886986747344515,6.588357107305881,0.021913328775008956
16.335297107608948,8.35118854259142,4.171374519486889,0.30104607783431303
15.357746840747584,12.435082562916078,8.57302797776284,0.5026312426301305
10.902897700544083,6.607598960483082,5.241584506583481,0.05617607734743901
18.35302495589238,13.179670241190621,9.81194444213639,0.49109572938316515
13.207800649717358,13.32134177957742,6.707279244661631,0.9271106288584273
11.865185103998542,10.074677337608362,2.1363826740805245,0.10539321810780522
10.40775141554764,5.063858717168336,7.085598058678906,0.7644407280755043
15.908929431882418,7.870381331749128,3.925936138885291,0.40967105337599263
16.775643618422826,11.169269183757422,7.1769447701748765,0.655173714524338
10.165878289278561,14.811861780274235,1.6267703334616517,0.26023659798522936
15.12093058299281,11.318135270166684,2.5739329345836346,0.1594922625413583
12.264957751979379,7.598035810641598,8.701635330152076,0.16046261427122643
16.451727904094497,11.340057030996114,3.044616013211634,0.07049194564314465
11.743664290049914,10.399853797158555,8.53337012718646,0.18564670490124302
16.90937738102466,12.798453951511437,3.5134847960896938,0.6642193849889683
13.867353463005374,6.069806388269584,6.785937190528369,0.881690611843508
19.367299887367345,12.61027902502028,7.247355161588479,0.8141256855911618
11.375209441459933,10.412665786761103,5.613892778305477,0.6851343098744841
13.410663510502586,14.629920038589946,3.7477960902705814,0.11043186341110267
11.134735212405891,8.418721660386861,2.913799387339865,0.28918744629594983
19.24693618278563,11.326218931339481,1.298704191061836,0.309806875322469
18.77339353380981,14.320281055100175,3.7355176111665145,0.24995694639762123
12.579416277151555,6.025097279906793,6.878465114781547,0.5150056597097231
16.599840460341788,14.372284872364512,9.444743366036343,0.5355538148796726
18.17222200201216,11.878857223008133,8.840840340367468,0.3568859751711102
15.552008115994624,5.678370591051719,7.8945829888177235,0.353789158736436
15.296505783560065,8.009635669468162,8.096026089279688,0.8285555979060814
12.418522909004517,12.081720886452816,6.984864131283957,0.7892928483196856
10.931027678058992,5.673506014687717,3.342581718094027,0.30779583168074565
18.972157579533267,10.821704601762733,9.16475527635247,0.9137884438732593
19.004180571633306,8.458830569529567,7.036590807152506,0.952815017002506
16.33101457273268,11.20915517767477,6.04396567882396,0.32674254203004083
13.390297910487007,5.457420338125129,1.9989052229213295,0.35442494879305486
13.492095746126608,13.715368061523762,5.023499894257829,0.5056341534219588
17.259556788702394,14.734889691773969,5.143224440817336,0.9411208125336735
18.97110259952577,14.688778552856915,8.78107248570403,0.8763194331423115
18.870864242651173,12.496518317429247,5.919833981690096,0.1025679625835898
17.798755458576238,6.30086240130632,4.423604940733687,0.3927307432714162
16.42031646154288,12.582631959290225,9.791202956595933,0.5533711897497718
10.841399649950489,5.245869164588015,1.9964853399368412,0.50313247255154
11.616287140946138,5.2212355152899725,4.802935854807501,0.19386306793689267
18.98554188527079,8.236102191495412,1.3782220765426476,0.8588167711681547
16.0642905965959,9.886431904046658,7.659137086902373,0.6769407829968374
10.091970516166297,12.704074178077931,9.262688969792356,0.8379083748518036
11.01471542866032,11.832953766065053,3.5203359659544047,0.8587642793494722
16.635017691080556,9.459027063767483,8.725075091192089,0.7483558536657398
10.050615838462187,7.736266662816659,3.62996407415708,0.43921060124971734
11.608080514174986,14.971245001577111,9.196931454795237,0.6105467550154245
15.487337893665861,9.261813022359728,7.785657132371055,0.16036540611974315
16.918951976926934,9.513870243296754,8.244160991572947,0.6736454174749077
16.519612595026004,6.636238211916692,1.1620590004040905,0.17925325573928075
12.242693094605599,12.948095487499295,9.665293213666233,0.6939495905101568
17.12179221347536,11.936822257814885,7.540038928632909,0.22959816075396866
12.372490874968001,7.207696127887604,3.7427598584751998,0.11755130015021997
13.253996981592678,5.8238104561584265,8.464551983729622,0.16528449014295743
17.46491405118024,11.80499302074713,3.5336907857343696,0.001992135219070268
16.496328990472147,11.545112142811352,8.85478455609515,0.7187396178535302
18.49223410494178,7.7325952699820935,2.013223513707433,0.7324010490583791
16.576128923003434,14.508635622504103,7.333173797147162,0.5149333499132595
15.683086033354716,6.510578917809003,5.866286289804193,0.1613628010553837
10.936747678280925,9.32334801042602,1.8688102317589674,0.08355433751068975
13.677158030594335,14.436159201675988,3.177044454329551,0.01912896643728701
12.652023676817254,9.197273169261223,1.111636326495833,0.1657481769652207
12.439896433790835,11.385259476640854,5.218911689180553,0.8908555349831467
19.730105547524456,8.975943979627942,3.711387346840003,0.24153684170168177
13.930977246667604,7.7421520234867005,6.38521735867983,0.35427132721721566
18.920465551771134,14.839776479598282,3.675140269377555,0.10534548448133318
16.31138625997263,9.09334006315043,3.699272003562862,0.22236130474817029
17.948113035416483,13.940992036791345,7.6887387885844305,0.5192245707802051
15.026370931051922,7.299546058910861,1.4332855238051811,0.6077526830956526
15.76903884626359,7.131047040250833,9.126054956727884,0.24535231416621106
14.925176938188638,5.311340828845114,8.670374869520632,0.05773215922511721
11.952429877980444,11.516668253758851,7.0102421490376585,0.39103286912739865
17.224521152615054,8.685263437237612,6.338994130966459,0.23420337092633414
12.807723624408558,13.64358249839637,9.03072248325687,0.21955392322980194
10.243159664314538,9.732099066915572,2.66797161575843,0.9598628027134553
16.454722959071677,14.681934279147217,1.7107224597174575,0.6163004859257241
11.771106794070489,6.855255157031212,3.155591529185843,0.5568784431720959
19.40458584352914,13.686231679556109,8.151204508301714,0.4157751035233219
19.539285770025874,12.765968527917417,1.31203240053835,0.42894433343014426
19.148643902204483,12.70921844644052,6.245261515751407,0.5409050038380808
13.701587002554444,13.447832281168877,9.95893764572179,0.6964298070361072
10.154566165288674,12.610239909429989,8.701264844537855,0.7021460961818294
19.283185625877252,11.262203216314154,5.693011201392305,0.17169390770544957
14.281841483173142,6.312448776823876,1.572768183579781,0.500112752076627
19.666548190436696,5.325261794912519,8.482361629471388,0.41195809503410197
19.636199770892528,14.208478478156868,6.390806573594895,0.8705269662693842
18.530094554673603,11.16650314520738,2.0343969735361016,0.6314189212183764
12.944488920695857,12.965372909761763,1.844715563410206,0.5325040664159818
13.850977286019253,9.815223515125501,9.186641374929332,0.11539464217891737
18.51136671516857,6.173081889623945,7.022802366442706,0.6056378893234114
13.169220051562776,6.251857922025504,8.4635811938508,0.11720390568023342
11.694927466860925,11.855652872289713,8.910810102540406,0.33720657556575206
15.568012624583503,9.303058948994627,6.1459511684349,0.14284196481433187
19.361547741607808,7.005247267003368,5.657017165795372,0.6920736470243689
16.960297966749728,9.91594546741437,4.873846692888912,0.2062521138361526
15.70061170089365,5.642089370751341,3.8525192901200738,0.391859373188026
10.971764937707686,10.819714019143987,4.911363647728406,0.8956747776187787
16.1500722669917,7.689934044350977,7.964916901571407,0.2043163833989703
19.900538501042632,12.975591006371882,6.417310879136184,0.5078050639587791
11.400840152365241,8.103619589235738,9.032709609593615,0.419271661166022
15.183296523637367,9.552201490818012,4.99042012941269,0.018124041045729733
18.773730719279556,5.116205399081006,6.463806208468786,0.7927581135728128
17.407686177542043,5.724468877945589,6.681767977827898,0.06904590631459973
16.97015740995268,8.924935564066848,6.32527446075693,0.4742550209769536
17.024840839871093,9.799388347171234,7.323703957769647,0.5606782949389499
13.594911512197552,11.000205481193037,3.1369012153732565,0.6284264566145871
12.935918442644933,7.916625787093032,5.611273997912116,0.6886316293078756
18.093611554785134,11.949818861265426,1.938023225275129,0.2532723835227151
18.10113394679181,13.601223971892045,4.460601948803313,0.009978776658449373
18.670723185801037,12.798509888933499,5.38900361759138,0.723443662354912
19.132405525564714,5.3961882534835715,6.870018335909252,0.5356565993475786
15.113423988609378,9.805069472578289,9.55477947327583,0.8361177032072488
15.015162946871996,6.049301784181749,6.405859598935203,0.8213883629006943
17.98295178966775,7.4204501586252745,7.692345245589038,0.8433261677878832
16.499639307777652,14.866625932671464,5.556394535456825,0.48509465997954015
17.019668772577035,6.4249554290151325,6.706936282386982,0.33362839583686565
17.95792669436101,9.98888153451356,1.638389945203961,0.79155820259137
18.900053418175663,11.18155734318119,3.289524227576623,0.45129411302925493
13.379951568515358,12.024649705441039,4.256677838846248,0.1834421964034345
13.75582952639944,10.596486834869141,5.252440195058622,0.8549740195614743
10.93981939840869,5.097708474191837,1.4108387095214536,0.8825598767723473
15.78280140996174,8.264613082439919,2.2602168779798593,0.4663097561401701
10.35942273796742,10.177116433847115,3.491328770121752,0.07569972730978747
14.655980181324601,5.878664991448334,9.743794218109455,0.38782608991693124
15.426446347075766,8.506269312091808,3.9821230639274567,0.8035376594626034
12.865412521282844,5.332031087913665,5.338369523008743,0.9017740285462287
15.908332605690108,5.785784971550207,2.764879414645536,0.20347274249759584
10.305002499390493,8.96923276201596,6.497020639681915,0.06697361202527152
10.373481887492144,6.327157540430603,3.5261489396437686,0.8773504531328387
18.226005606596583,10.67540848261558,2.8629332059458408,0.3894049389788753
13.60190641411263,11.894649691372656,5.649153656013811,0.5417609642675633
11.270605126518848,13.005866991090828,1.0495521924437874,0.9680658120507589
15.222432600548043,7.001502442448101,1.0689762938430278,0.06656472791422285
17.69993553098611,6.674825822590698,2.9716192819167198,0.6483180074520956
12.158210274968432,6.045678403344002,1.3304922625073903,0.07410542257486707
16.22890475819,11.364302495436366,1.9722317871762223,0.3754689284665004
10.85347464993768,12.064757264869012,4.049745844048765,0.8038145451934468
10.516817211686076,5.31586144825642,8.223271116218315,0.4334722327556344
15.31354631568148,14.362122462436899,6.148437790323707,0.9971823539029504
15.406351216101065,5.519712836514724,5.614009533607748,0.5590592849466022
16.374299014982064,10.412963353010705,3.6413994088730948,0.3211621526359535
17.260913337226615,12.090605194509164,9.385783474895348,0.22011132590475313
19.758520794625348,13.709691237460856,4.573135371134725,0.3505205342861618
15.163003483011952,12.140869321324278,1.7838349011619434,0.3725332737595508
13.22956472941246,13.017280830697919,6.5535986450602115,0.06871367772396098
17.951861947687036,8.39450192542806,2.0245455412894127,0.36957419942677316
12.708322512620743,13.148251137465122,4.107008285215229,0.4642385197392249
14.389714207056361,5.801148463846752,5.56670744846028,0.7227377522388047
10.78456381342266,13.948166560605276,8.868002722166583,0.656729484721608
10.253507434154574,10.475923761537363,5.441919223061068,0.7087656552291542
19.62648414677925,13.172977699624937,7.3203288942849785,0.008363681876857099
18.35980120512206,9.523182845183001,9.935351550991633,0.21766739958053605
16.959742060936982,11.435776951965249,2.1834020790818345,0.6616842883998565
14.089529444142698,10.264026609361132,3.4725837296756756,0.48398936817974714
11.732943200708458,12.315895217553319,4.551184680378817,0.005313475668345946
11.56437042671086,5.816299820305896,4.796453606849482,0.8044946424318223
12.502428981645952,5.603520839905638,4.699189677389912,0.7728095732903374
15.492266647061204,7.471032340101464,9.168499023008994,0.5484191629935626
17.145959227000624,6.595446801131883,7.426293800201708,0.06646332577627212
16.601973767177313,13.717835665922017,6.471146926816334,0.7665150495325846
12.799338969459429,7.192139873580443,3.784354460765039,0.583713587731364
19.548652806631942,14.758652558191313,8.414113457991652,0.7819599771579592
17.378969166957685,8.368957917711068,9.5955446033649,0.7517469923958404
15.543540525114008,6.821179156886993,8.390784542952039,0.8030020719578371
16.117207462343522,12.89698507142479,1.0140859467232561,0.5180080664046248
14.1960006242779,11.58707775500876,6.727612331650663,0.140324518193515
12.477309895011574,9.98195716453139,1.4602184329789065,0.6711574733796887
13.559726786512616,10.553635509376313,3.318464983003497,0.6204737850519706
17.57846110464369,12.192017782722639,1.5357223031299452,0.7422531871990872
10.143934886297558,7.284547413312987,6.43415907654449,0.1698810060507353
11.160726405069163,14.963339160567418,7.179309221433461,0.19497519990028922
10.460026420217527,14.747931621467831,2.030388742593146,0.8904095172193285
10.407288023189702,11.50325686346937,4.454549947404815,0.7499777984520708
18.55460584011007,6.9954245092914515,5.106128580599878,0.9082284887003229
17.036578593800236,11.802282424312914,4.321477195848249,0.7587153211639207
14.741738290873252,5.721984089791759,2.0892250043667375,0.5971553059903019
10.978341606510014,5.306525022058061,4.770530111687279,0.6541327370278737
14.916158751168323,7.576828885112137,7.760602430275763,0.88912792394001
14.734717707805657,9.626229567393164,1.639068980799299,0.5788067545119405
11.732018699100152,13.682725054083805,1.7216201267371312,0.6323913243283874
14.33851649237973,12.27169069766308,4.192941626523858,0.15647671600360058
13.985047343973735,12.42706521199981,9.475531404570326,0.4739212201161027
16.158500980522163,9.254933344480754,7.017153820506227,0.716397111958099
16.350936508676437,8.45934992546963,7.108029610053083,0.2709426983163654
10.453040097720445,8.710387629846027,4.257279917540785,0.20225418052453492
13.746126146264713,14.876495637360579,6.342947120876846,0.31382680822441555
16.258599157142363,5.401091914124825,1.0911806562496904,0.24150062799283345
15.031362585800878,13.670314961224486,6.72486441768588,0.21491263703639585
18.56489841188322,10.786754085723935,9.21958252818613,0.42485084286808694
16.58693631618945,9.386154191895905,6.513161215103373,0.9078385138835341
11.629344270814297,12.252576604151365,8.863287341197106,0.5070596467387183
10.705687474004298,9.866689414247029,7.515757499194844,0.18792038081532303
16.424192782063155,13.734232380816605,2.085025747633212,0.07697166938087407
10.265113105416217,14.007018640112586,9.122079765572575,0.6961561451379252
15.857755812734633,9.217209268734553,1.597994599201974,0.38279876443638783
19.402302414249576,7.768277972350516,5.805707252929874,0.8218309465853593
15.75474177875879,10.923503285933622,2.279234114141119,0.6595107686407702
13.881699262065219,14.12363345616691,1.1053594965781366,0.7962414505413685
16.432882184423534,7.106621890056665,4.798308341148751,0.27194603941844875
14.582528904915167,11.229665835634828,3.6553663688874063,0.6923589224610581
15.45616789315935,11.315602200925206,5.374004444178427,0.2640619846937188
19.41464808776525,12.33113022415281,6.194798980610957,0.9390684794502916
13.861026378007743,6.315676851272598,1.393651650780526,0.6363742815333744
19.611905638239143,12.158249646820884,2.1070296561137107,0.3245118001753421
19.053506419560637,14.09032520665641,6.027781568053828,0.26951186229227264
11.957911347892964,6.79683108870242,4.088506178553924,0.1909265850716435
10.693613008751655,7.375433249238776,7.562561387945032,0.6946409588937278
11.007780013774266,14.713950940416396,6.8706248373274565,0.2187156129979273
10.182218256515498,6.809769527094898,8.610439266909161,0.5953032659274891
10.944429607559284,13.543850933695792,7.2324354400230275,0.26463502692535734
16.83006773416357,9.922778564480348,4.869379696511333,0.6619689447938686
10.71188648460229,7.472310744031771,7.056699601549892,0.8149397285405392
13.189756302937614,13.707499012725114,3.4784305682987666,0.7780252431446532
18.448753109694543,9.453052550026655,3.756821489003914,0.7608513309307817
10.232719357358258,10.148173539296902,8.10086643928714,0.18772240569225207
18.144684825889357,8.592333693997656,5.01777564761424,0.08838494698451871
12.818547747734,10.929508514349275,8.185423064665173,0.6989488284873856
11.181648276216563,6.635238725850227,8.401801363014506,0.3683472137943513
16.967371653641507,8.910815366517607,8.718061038951554,0.4323462264033473
16.28942846779884,14.694123223352875,9.249717122570866,0.031149092793391064
18.774720135270528,7.581334327011275,4.878866984619666,0.2595764492750492
17.35071043803886,11.567366645412921,3.8698013648902494,0.03367640387446402
18.034809303848483,8.251900642246948,6.2397887193470245,0.8791857726012476
12.820345725713064,12.734731256866006,4.340551810938648,0.24339668321853047
11.774395437797228,6.308736607183498,6.4096675012020965,0.557337169573008
17.506147516408582,14.698210450785448,7.350272763794422,0.03897932066113041
18.068347392672642,9.537895413836392,7.195645166429232,0.6668473913056581
19.905051420006735,7.36050463346464,4.370975983181092,0.32302734575409386
14.126176769114265,5.734967473300126,2.501741815288775,0.8979191869576658
13.720180857927833,6.697579050875407,4.874764046159868,0.8881181889340358
17.764129607419967,10.197739485560177,2.283347296737179,0.3252906183617478
13.408035402530178,8.370031764312863,9.010873316654274,0.9009608956904679
19.307573256035646,13.288833658826094,4.112897146640717,0.9961576734987788
18.58412751843012,9.308875236618059,2.390137725009914,0.8254156641239481
14.289940273750183,7.487142725876299,1.229029839151758,0.844871347755229
17.508710677914973,11.171449866040302,6.8124014765783585,0.2490087361090899
17.545428740846823,12.067772168854457,6.732120857092689,0.5767023988577563
11.031238688359327,6.670419079009498,4.065437499231625,0.06725591396736785
19.025529066795666,6.676192162883177,1.6454069996288592,0.09491793682166971
15.052523724478572,5.3667142693354295,4.686660054057088,0.9988926120332906
18.26457466107742,12.364020150656405,3.800957455570542,0.32663924942591094
13.200496010306118,11.638045276218051,7.094085757615084,0.7481839120488464
18.955232284962005,9.746308757498138,6.452013245074213,0.8066650530268165
13.892016787341632,13.441704489691972,4.28134355377786,0.8580232710072292
10.108376514802984,13.056701529500533,2.961032988294911,0.9976282974021565
19.05381976419264,10.853543643967521,9.892323695400327,0.24149648525686784
10.912866767861335,13.682712805132587,5.086014590765034,0.04035082685969971
13.19313637590415,7.058412100367683,7.194468122022133,0.411191517994586
19.50061967050805,6.119196193977279,2.264976708205247,0.13008066982894695
19.506071469375563,7.697496115169896,5.37030729693458,0.022425889162055124
15.73437888123286,5.570868560893149,1.2478304788251893,0.3604268271414861
16.31837212169799,10.31169528001032,5.549096061194049,0.7837382510752364
14.484455219783197,14.366056922949614,9.67615666405932,0.5661806912250709
12.932107716980646,5.3934354066850965,4.457860416872202,0.31277798921035405
13.28664545369916,6.221099140100268,1.3509641131742043,0.6543420054927197
16.725184560770384,9.521990282834352,1.2786021182740916,0.23201818030881072
17.523745294376802,14.33875017527905,4.4918808395218255,0.014381446072085025
17.915790437258487,8.161561049767505,2.4402244281687464,0.7643533864364274
17.89618142794554,10.072348086883924,1.2101688669536732,0.6237430848640091
10.912061030486903,5.415728590503921,7.805922525551591,0.76230262450096
14.944203047025814,6.483432009620889,5.126707079937016,0.03893801668766561
10.575587600166443,14.86630122958847,3.603202947753891,0.8371196278306522
15.495288823237356,14.651186964360456,9.100748647148327,0.6195262000363033
14.41530501373377,5.049399809344096,2.0452506418047305,0.5633953507126401
18.877041827583,14.51811785423239,9.603269460597874,0.6246140481145316
13.509150125520787,11.391199378155004,3.8257004563961754,0.8644332468683641
11.170670164276059,13.679182945200221,8.995633050778132,0.5869365065589071
11.429916820528359,9.54739855633859,6.426485888315154,0.5809503798881793
17.61510631717472,10.155960285792503,8.440366237673388,0.9906791570657658
16.18218063316261,9.888465802569202,9.856118468894179,0.756730167068568
11.011226761227903,11.668642575461043,3.5956489403687115,0.4422938054511353
10.841068061149974,6.396512547563129,9.650219368668337,0.7073970000329277
17.0096913145912,5.299735898726779,4.505337054121783,0.3892304716917885
10.727630063641936,8.079299415911908,4.4696071426323005,0.228875462483499
18.218600592903563,12.046807627366467,4.063483938290551,0.5968518768877594
17.062422271564962,7.018534521229483,5.872668466128267,0.9281820981139515
10.813487806418998,11.734324333249173,2.387305388606384,0.9291395200154627
10.84837714085192,14.699120461072704,5.983403368222101,0.3419052781054903
19.866395785011754,5.939007157894184,5.875343311690036,0.527677466221695
13.742707957561203,11.726021182251262,7.85711631344383,0.2116358985698612
13.706421470668909,9.437502193045711,8.50284965743827,0.9956311094988834
18.127995672575025,13.681422543775053,4.963972152811817,0.9811179078679357
19.472485773838585,6.771497894473859,3.7209992441634436,0.6495089297074473
19.860010638228708,11.926259522261645,3.33401407585385,0.8044140596774734
17.533781852589417,13.381152896481103,2.7516145303438475,0.7151001612837
13.762595855309158,14.446142194740233,1.5188282397912238,0.5931582190394682
10.835007166986689,11.832480282896459,4.08203180951242,0.053347996988897695
17.771469159274368,9.971747640084274,3.4322292291770493,0.45476434255266107
15.58404249735805,11.178472402012138,9.697756472797666,0.6747863021674105
14.242220092469763,13.689049844787181,6.019379436250396,0.6775316138836847
19.06354385094736,10.706097466388297,4.125493351274568,0.3731226184223836
11.111974823061514,5.303870596968369,6.224208408943264,0.9416919866580306
14.926251042908591,14.309486955069778,2.2527703121112594,0.167357032236781
10.113536447674191,11.895267510315612,4.996393742819826,0.5003594462155606
14.686606419941263,11.765133857772465,6.636108892789575,0.6908839765508228
10.563032756818373,7.156751523977172,5.400080486132063,0.6971358058918092
11.188179162680719,11.588854702326572,4.616009205888918,0.6486389567688156
11.175262467771049,8.938644056541584,9.944635500097284,0.27528821345186016
16.492103021160638,11.51232977041492,8.922832859340343,0.15620656868662197
17.460448792654233,6.065930303079908,6.610653623434961,0.6359403268267109
15.833687650971596,11.578453046030361,6.124396250640545,0.5993021161394377
19.62172548474542,14.994137257706665,6.585944318421257,0.17935601028924097
13.74870579523704,5.48212038860556,2.8118089704018994,0.7051391455705633
12.857120862818608,14.771741842213173,4.5562396893788675,0.4551719917336564
18.6859912818946,9.069079607228705,1.3551357960180939,0.6677605916031529
12.235958385194525,13.707534503372592,5.27991433738144,0.8373670797701507
19.632225394406113,12.823854840582735,5.887221255618969,0.16972842857692316
10.121544746898163,10.670162609866678,3.0497476249288864,0.01914486799683668
19.698788267076388,12.384492092513266,9.676259624489624,0.7791025863957868
10.431599119505762,13.78515561301348,9.185091498435177,0.6096974251526159
18.91143113698071,9.041403216510329,7.499289119103153,0.6996395696221217
15.277011090862999,8.270331615632387,5.800479658888263,0.8381549749886426
19.929647961193005,11.675933855635847,8.829722436829165,0.8028109348245005
10.737965647353988,13.078459419412585,2.1758710944111663,0.9609201469288247
15.538542844013207,12.622851347766158,8.114588148473965,0.5359350788521182
19.69302535619099,12.978136488586344,2.1233873257016347,0.48849563265990537
15.230978441701488,9.35583314812933,8.147895962944649,0.4018871998907301
16.293986381352624,13.178342161750216,3.481908114262213,0.15369104284420454
16.957486889846173,6.202090553706085,8.8938152291637,0.5726072328820224
14.545410647677732,10.444890979608495,9.49637884442858,0.2770125243259788
16.275580800840636,5.057586604981216,2.3391637246460406,0.9213075122129755
15.843143119231001,8.245858299002702,5.164080445588541,0.5831908042770976
19.01158010490989,8.66461534871398,9.828886403464166,0.5928401805081102
10.454463803414578,8.961726916092553,5.35066692375832,0.35492466087701
12.809631895922303,11.954672066898622,8.771927702630906,0.05198935197770749
19.504114840765588,8.885581012703458,6.298583699181878,0.03174376537298862
18.902637838909165,9.486936226225307,4.377969171276417,0.4233351441531975
14.55656752785713,7.375441308743275,3.5720519997328317,0.08456537809723785
16.20132597801537,8.7325179162934,2.8290078197747857,0.6068469555401391
12.773811829811326,7.2726962726315145,7.856183722399275,0.8809730056396574
11.881211597237613,5.731959237684436,4.478864561407251,0.8829148165187222
14.636984049399821,11.03448593381378,5.60147915980676,0.6590454101322324
13.533522280260527,11.682127985550164,5.430929320010637,0.211231831472931
15.83656111850872,11.194903460096146,6.195511263098181,0.8629968313588721
10.777346369649848,9.634940438005724,8.79019431062097,0.8860934353132082
19.743948076661667,8.797857801792297,9.826654092250864,0.1966535849529587
19.86210744479603,13.633336495718252,4.668257877164352,0.7374260857706773
16.98161714019745,10.19081785136218,8.447670298956726,0.28651954892712295
15.360963663441204,9.79181877629731,7.8807501518924585,0.8026403123529297
13.095276162863279,5.256420658064357,6.1617605631001595,0.9972378999036027
18.137950197069486,8.412478276261563,9.604424292507398,0.030026005329392813
16.847311725538795,8.80195618785857,2.804270639755625,0.8973658657909319
11.626169393448913,8.988227808969004,1.9833778927865926,0.622630533598658
19.109271844938426,10.801723692273324,8.6856577025988,0.9733826191648212
18.22537242923169,10.336025467268785,4.952348349703735,0.4650095175264276
19.49799913291924,11.079050927934446,8.622719687863544,0.8473879305713737
17.2571950838836,12.648832615421282,9.037811846758734,0.06239406859827723
16.1341519593579,13.129857387160936,1.562118342571643,0.3352790500782957
14.182430362906189,12.181230762264944,8.951182866874547,0.06701653775120997
19.327284833540133,14.555236959549347,5.0348714983248,0.9753431334790705
18.660638895004084,5.182325826763616,5.59389240103809,0.8169739072718367
10.452186701061894,6.957779856835461,6.639332599838892,0.8525474212459705
10.26366974497252,5.075628749781421,9.33744346057078,0.9379652314338942
13.764633668780496,11.474747141546029,1.1720448498678762,0.08510348611978535
18.105533307818327,13.98030548949987,5.291591214860354,0.38559759251333336
19.872761293149445,7.434822965762993,7.189498381875046,0.07103488904400213
11.504168911035283,14.270345447963066,7.5043626192840565,0.21079310155002862
15.94130715352135,5.602673902895608,7.232791883833972,0.22936577703767236
13.808908566310215,14.344360268055143,2.2099161646730967,0.4691072110475787
19.699143978146033,8.516226872396345,3.694560295345131,0.2685621674536426
18.421189231357086,6.014208284492165,4.228439728753122,0.10097810681776109
18.38328704711138,9.858717591863257,8.239934869115544,0.1674910890941077
14.686931597949702,7.567765677205079,3.508838851730977,0.14727556355209093
14.148195023376651,7.8487290196192285,2.8963446748048285,0.9730767979122983
12.734070719307063,8.072899649262865,9.617032171342865,0.7592925069184736
10.563754966509272,13.030258978326634,1.07976956602122,0.967761465269562
18.64722376255053,10.391612766752544,9.980387701137804,0.43974048650790853
18.129010091300778,8.113076991560035,7.091391689716561,0.2783684816626566
19.997176732861305,11.103337833109183,8.456223695042054,0.7982931972091867
19.966368370739055,12.161506742231936,3.6515745671157385,0.3262539180411468
15.554317056026274,7.7262400073353374,1.1288374990035397,0.2993833737053483
17.689874151805107,9.135491015253514,7.64082566705377,0.2325059922078312
19.447657298824282,6.218860933369475,8.507301373006083,0.12967897822423535
18.496473906774114,6.811493495346803,7.664285187581672,0.25646306101676597
12.473481017431975,11.811178539649827,2.285652585707547,0.3553197484738877
14.505441353100935,6.8143834769562694,7.7808513003127215,0.6739942081457304
11.29159415151495,10.251633836670601,7.920305038968769,0.06256484221945158
19.540510272587223,12.090462617224327,6.926864641030494,0.21050693966534295
16.0617463445088,6.068769230947439,7.895043395160275,0.8090236402916764
12.286428055034627,10.673122196289036,8.613292957099588,0.14692192358377076
16.717006844058567,7.565627837013638,6.522437028137126,0.34264514652252154
16.18128240457896,14.629268752375799,1.7974424257271115,0.8646589218581401
13.581627180328404,9.835456467199247,5.388650287004898,0.15492531114344266
11.13557592199629,13.059925497751582,1.6988440120444457,0.0827368356181899
16.715731955927996,10.502265421562617,4.667887279291877,0.48453799508001083
15.203077009037933,5.434125328548191,4.663958402130649,0.3024195112785364
17.723183917356394,11.331513755940223,1.5940885972621741,0.5634083644838541
15.201635011119933,14.51403342206657,4.139384805725314,0.8038048904834751
18.521815003185402,11.016118201463312,1.9989828891218335,0.13714848815274316
15.519068387744856,13.191888594267901,8.274116890083,0.580699084554285
15.609379715353864,13.842064633484078,9.529192233680236,0.5055087603898639
18.766536026583452,7.280797719489325,1.6508482773214475,0.14407878601319957
14.03482866212397,7.1204483990822665,9.596036865625313,0.6239984855289824
11.340152284506408,11.109809888509918,5.703189394030707,0.27364041786077165
10.28782676313339,9.110284698067048,3.696091101584865,0.4878343185440125
17.55137255673619,13.398613028667203,1.6917586774854716,0.08227232427706188
16.20309551353465,14.000231233980111,5.50561841263376,0.45958405721362305
17.040797680992235,8.534213793027181,8.150639900416738,0.3064634680428203
12.129641615089106,7.36870558974482,7.363778295400284,0.8223812111853543
11.363714755867697,12.805255152438619,1.4520341031757638,0.05697872699736828
10.14544665667882,7.7480603554813605,1.6561165183111317,0.41860727491832994
13.505875588065969,13.226143185136785,4.625859543693734,0.458431424131438
15.89917686854633,9.237382536487628,3.6576144464314897,0.7250060762991187
13.922440450997323,11.675498992914704,3.0914589075044305,0.574287575090211
14.374749220237291,5.955353138346682,3.5290404901784225,0.667212337194181
19.041586944937485,11.238593246765731,8.23134468967196,0.7770492856517561
13.482554670233004,9.517676787372292,9.363052482686685,0.8622029736581888
15.139894891598107,10.866084631754742,4.645924250748098,0.3138754967224705
17.83653012741143,6.680142077448634,9.154999019192473,0.538022705363903
13.965427823212702,12.36873744944182,3.8934613112309377,0.8401080784391999
16.220867002278734,13.627970775432285,5.287932877094125,0.9894511309650564
18.62363708746745,7.167398000907756,3.0342609803439977,0.8895193110437631
19.495206236576422,5.957145555201617,6.7642843795825955,0.3714672626243768
11.470734809290379,5.236385860463364,9.81083003657328,0.19516651721865041
19.265876251614944,11.41971500443266,6.431437864390408,0.4893925374065887
14.921162930795383,11.070940360887807,4.22032675702194,0.7416414518360422
12.582443882989583,10.4669741271407,6.830357013914755,0.4925690707532976
14.591357562382612,7.319470961159754,2.106286106188488,0.4831808633136685
19.80032575285477,8.909059959055146,8.997931722388588,0.8382304210818006
14.926180939928695,10.94476335186173,5.527755557018527,0.36140377906718635
13.287516102875081,9.967668588591694,5.0441476783567785,0.8597946748116456
16.334008543167258,14.877855202148872,6.272783096081673,0.40680480095172356
12.401456187781932,6.364397525567331,6.623054765104622,0.3282331056783394
10.75863328108664,11.951445540475937,1.6459822560386173,0.453989911199699
11.288797219106492,9.043187681042921,7.143554991010622,0.7624469586748684
11.280458389577724,9.281996149256148,3.177385122839766,0.12600202786399428
11.519026935122943,12.175977656581763,7.4255736925593085,0.19641921587201738
11.388271726494102,11.924361513243696,8.40281314945777,0.951444825663092
16.408747448032145,14.912559937021882,8.235626567972684,0.17549162738135737
11.818800843991449,6.283942894541252,5.972508706671002,0.5677273179310546
13.456672833238631,6.041096493841663,5.68152903079676,0.5793144666619379
18.967884099060118,12.24338817128741,2.2858836520547055,0.4896244620502448
14.739616402628723,10.78386917006409,7.978115353628221,0.6447452485768186
16.67557738521027,7.741606665598058,3.4426844240204293,0.22982672579761843
11.723198712016298,5.794193689889866,5.470258805361519,0.5526622677767482
11.922890188086708,5.856582495964306,3.5584668363476504,0.37217325524689715
10.40868616266479,13.941908746641182,2.2044552669972384,0.661667259629189
11.689350630721645,6.918673247187429,6.666019272025629,0.14122354337314946
12.785903390319586,8.233715621155207,1.4889883134061344,0.5708774168394762
11.770104842767468,7.26656402226988,7.7378071071358,0.1852703553833237
10.887025337570556,8.549963058319374,3.85828115735005,0.2786430631150364
11.206358711006008,5.694238427460934,1.001212237040368,0.21870980032358323
14.607787680327258,10.190597909082705,5.6001622531350685,0.1828377798688171
12.063337184057925,5.6761256359221495,1.4216671767484281,0.825710951560667
13.642698610480755,13.003565078223616,3.4855260203880953,0.28570756766089034
15.034172708548569,7.33712081910433,7.362788387101445,0.9271237818644493
16.903948286293655,10.400119146045107,1.5642065945967927,0.9699265253451909
10.39312139841099,13.800790875614583,8.554046431204021,0.5712604699370973
17.994103989090426,11.50877369047194,1.034379303927248,0.1430011226657264
16.279003894909078,10.329577865513354,3.2214148228171204,0.37454824337958126
10.817590319488719,8.243337531153756,7.668136505368643,0.797732263348214
18.73578624106777,8.330019130581979,3.846431347563761,0.36739072869707046
19.208724005318132,11.6948695519819,1.9170314925941216,0.08701721830278875
10.610779598548637,14.941393612211675,4.242105269203851,0.5567849109281879
12.768776481472038,11.618391898493787,3.4335395774607296,0.8451208514960348
18.062012797930613,10.57783417370025,8.584407119444993,0.7959263871435024
17.482596903836583,12.30650510239246,3.8201312582662883,0.17512314013035324
11.845210193563773,9.65205612283718,8.100392245984064,0.6727646144124667
12.093493233367102,5.601423426007852,9.026849303296613,0.2205042634356471
13.70472102791382,10.622968158779099,4.904356776188766,0.21820753455217223
14.845229851910213,14.576252845053801,9.189488294689529,0.8740717733051852
16.18254771530296,6.753029423576597,4.395862485668736,0.24966895274023015
13.689136395697723,11.900048908206657,9.676705748410974,0.2632473465180112
14.62534716133148,7.009336886590565,1.8036057207301563,0.0006533907612995549
17.474709381337565,10.358276844730813,7.183173398529185,0.8706690341255177
10.366832028905979,5.966764496467196,5.444326364112358,0.7925948132091347
12.524369443440207,9.503709362581851,4.488839249100824,0.627328935090678
17.133495858845524,12.56163328895246,6.694406908737408,0.7502657639388423
18.952068376871992,8.475715242389821,7.334713824708981,0.1520485674244918
15.116774421156661,11.64911724487218,1.0392694268527818,0.45832359458757543
15.321134852653156,12.954499607897292,2.5025777987247886,0.3512193873487809
11.07172011339776,14.271778194794527,7.417414455708868,0.09377652625701649
14.474123668234547,7.346420818554535,6.997468722203858,0.4861304852149241
15.326172664550231,8.993159158093082,9.694427546158096,0.9207396503426354
12.424705036347296,6.524160133304174,7.849340112257047,0.04005911905069448
12.69243230949381,14.924835021583752,9.556954369582042,0.2914609134937939
13.772841631046226,14.270009679242953,7.322864513813263,0.20754093620570346
10.200711977777264,10.399571302805596,3.6824698777549885,0.23814665366569632
13.220791655831782,13.420332943764212,1.9482843002577082,0.9084345518793753
12.114480069965445,10.20957977272042,8.03641477010442,0.4680690542342901
13.274973521779145,11.235856880027598,6.797342993283243,0.4662994129398188
11.197621318192512,5.891244321160166,1.433674111539666,0.7605756424552823
18.90527280739895,12.55270420496808,4.240454193108805,0.1544922040049258
15.935924535540487,6.2771348363523485,9.611198339358575,0.4872653541000508
16.791023191444896,13.260676302525283,5.503610311391811,0.4299852141210597
17.891712386073383,12.820280876703858,4.894562224177342,0.5969106905466561
14.984421989290572,12.087446977429764,5.119296446433646,0.9995577032504386
10.869202880874237,5.361603805247621,2.8799445160464736,0.7694488940820471
15.371065418185477,8.031283559453286,4.318364537783157,0.3978657030174272
15.868411180208792,7.631125699108429,4.328319303884589,0.827553052274047
17.454394741843302,8.60136407471519,1.4711951816872517,0.17070836331248018
14.316595462296794,5.876427467638385,7.908108656661264,0.030463686308960125
11.275803027955638,14.369578230310628,4.7485398871349105,0.20444837246427305
12.837759057987245,10.538022407123762,8.39961898134781,0.34041155611425966
13.63082296398635,8.055243106580235,8.653132010079059,0.5105807574595599
16.45917241331601,8.969815170742834,2.9079464922879223,0.6151291405411998
15.70778304668912,9.472025405048356,6.916181339531157,0.9106057172144217
13.560967258978462,11.005943333606172,5.250536237466836,0.5098540095504577
19.865152487929798,10.156794276964977,8.921410641293367,0.5012756446257294
16.05774819356887,14.193919732144174,2.941666112588087,0.05024300982298213
12.372267917359945,9.969634829058302,7.100318802790398,0.03491155265622381
11.017824726204037,14.921580148233126,6.469769100274503,0.5511599619163721
11.528591391843321,13.514249577450958,3.6577132981464953,0.4381786132483445
12.459577283845082,7.085105143573358,2.2294081328605535,0.8391803949802986
11.606813732595556,14.305952146439163,6.8647578442954895,0.16067958471184518
11.865670240513058,6.1636639788547605,7.647377123190976,0.024971662117049598
12.85095168693847,13.174497084911916,3.84064609387015,0.44903876793012587
11.733735952947548,8.8062329347658,6.803493436200824,0.23747855675225749
18.967654246264253,13.779743204450694,4.556178168503529,0.04961437333883745
10.802337456616423,13.680566901074503,7.41886194954356,0.724598286847629
15.245113895702547,13.059254001176212,2.792937474046478,0.11159299995724747
14.103968269896615,12.900304363070614,9.01193502372557,0.6083195000077717
19.823786169086063,8.046791390980408,3.5866863681902177,0.28104975016688916
11.120389021680523,5.809192830512522,4.310073889805376,0.17349605035502202
13.978555990457416,9.029801787651614,1.522827568723148,0.37975152291931746
19.694704332753687,6.7352451498650865,2.0036099108914875,0.8014457762229537
18.655071258939802,11.949510889024618,5.642757124410953,0.3920935769045727
18.170720709492798,8.460997265377856,3.4083340905517434,0.7507696492110557
12.579028270449399,14.756102008599148,8.51932203167975,0.1254862967991507
11.708875873900658,11.40972077345332,1.1322404978945846,0.7727714196650791
16.686432199244308,13.224805636343609,4.411846438047426,0.23693332490664865
19.293759891275858,6.3252467274184845,4.0361099209218345,0.6773931298888728
15.567628930139298,13.620144822726225,1.1739486782584092,0.5657815548409963
15.716126894698998,14.227571905133944,2.119315591004592,0.9291447172116873
12.799790936602841,9.870619188189359,4.722784074267717,0.38732251797531403
17.69492933191937,11.062529377509774,5.43578126002702,0.06616518883444045
11.870437485575234,12.648098009029955,4.638607725293822,0.019155485551252904
13.236792364042437,6.748386272604126,5.778439105708845,0.8268585609727531
14.254364386164168,10.025660764634424,6.356185074151134,0.5247356376614322
15.07610378684455,8.986630277723131,1.0893143901505207,0.7752440518349493
12.424097324150802,6.463739921622491,5.176856435081535,0.2344256000115147
11.148368247392035,8.675344222915314,9.671493167988295,0.34508374551323373
16.106200424416325,5.681723093854936,5.671290521165939,0.03010387221131894
12.886305532402558,5.25811906949487,7.097880407130579,0.9614923245741122
15.812382214226123,6.351662891548227,3.8067747212519487,0.6678679067008134
11.543627152742022,14.631151115891738,7.965922403374863,0.9332050877593062
14.811401018548175,10.49529535895017,7.956293336885036,0.2654964074290723
15.325894325515858,14.6582216115322,5.69166442888725,0.6114636112256608
10.51823536822427,9.324978783301319,9.784124409512922,0.6784999682926378
13.366042781939207,8.118161330852596,2.1299519328638805,0.31754970025758844
11.344146769389742,10.061418628402441,1.152528984006229,0.8481092350156301
10.633749704727677,9.395116886329102,7.931423905813864,0.9471614629002478
19.89960232389945,6.05664684261744,8.264399836283943,0.8848551176960043
13.22353844974723,11.408263146902062,2.0818650620851864,0.7390669759393725
18.09874445854635,7.160381825095996,3.390245496627455,0.27746467972495403
12.546406547637638,11.195879548978295,1.1579712702996603,0.28161604210563174
16.815027222239294,11.502010923981533,3.639777497025082,0.9633603204460379
17.602278598896866,6.520248531286481,7.958276865268044,0.010284495935692028
15.956387406078443,5.613496271106682,5.6616447494132105,0.7160499732421445
14.715761885501584,12.807615860684399,4.132860338514593,0.7062461625552622
14.118409141472686,9.598004237693202,4.345653654156973,0.6226895409497974
13.488682665429952,5.581637955054758,1.0121826314392135,0.9901088460868658
19.29529144247826,14.948663171697671,3.698204748087123,0.31187943576372523
18.306194077877294,5.577805609963667,6.8181286747413745,0.3399718637932482
19.650269106665128,11.950352288585531,9.767749994347215,0.07893940294655555
11.242972234855447,14.836789252634135,8.623547442855095,0.44279813654373745
17.308674752036442,7.391801042159257,1.2123546818097621,0.2610485262348481
19.38340456821038,6.422493686871961,9.087045442073554,0.3433867021776442
11.8123306616566,6.2138493942242885,8.048785719687633,0.8345717902556277
10.664962673667775,8.032751475675955,8.023385112138824,0.9354845135274957
17.41120649290059,6.010458110106467,5.121961831032143,0.18573307200518563
15.744731131799119,11.92161341694132,4.582047636590525,0.37250893155346587
18.41828776758272,5.622917981300627,3.7262415594987335,0.9286305621153941
11.397723766262896,10.094221281497898,1.591253730589292,0.06180846068922263
17.952673118598902,14.966968538529768,3.0541182714432917,0.09236052811137851
12.016273200477446,13.139702695060189,3.2194327148022217,0.16279098920622936
11.636559428657044,11.152194382310109,5.356693627391814,0.5952128341268748
11.642657979309929,8.062536207866117,7.726999659370246,0.15047227100599747
18.14574720231382,11.238958362916385,5.26428845558152,0.9680763814507335
16.651972206962,10.270414639116517,1.5206000450244455,0.44671452725852034
15.230654247691193,9.260833838903714,9.620108208893836,0.5015179603501664
13.588304841235026,6.307103767401995,9.48451887184701,0.2466586158054065
18.772005408131083,13.866042152404667,8.066705888335676,0.4709602524347335
13.924451074226354,9.497846488213225,9.921951114077984,0.6619136326370115
18.16599439471577,6.946225118207651,5.900340995202367,0.7511771369540428
14.391349085702185,8.677593508772896,9.664915152278855,0.753868082709913
13.769444294249077,9.141297525289271,1.680445365550757,0.5778911126940883
14.626797856696065,13.275378955668742,4.291126734352342,0.9043597749938572
13.01377874164142,12.336143805614022,3.0284314120608924,0.8174078473061094
17.47609380176251,12.693048936413398,2.7624977572084304,0.7570481146986254
15.027203900924793,5.110312644286472,2.267226540034085,0.05560552168046062
12.322126951468173,9.161539981797615,6.60172277409397,0.006877962219649314
18.995745732745682,9.813441516353237,8.031896701725746,0.21244727719547296
13.838912213732115,5.191922768230567,6.204685594783246,0.6635235939134523
15.435528611139887,7.598132087450342,2.322664386293887,0.4111974888825458
19.06472110964547,12.60289823122135,8.300113929401238,0.40240625929931173
16.24237995913992,6.37109705728999,6.723592364473556,0.8845868882296137
11.168980407083641,10.353101314525917,4.493491355142959,0.8955628481318387
19.398321236134752,7.152018720172375,7.067172659824567,0.9091752640535857
16.27708053071418,5.121207746438933,3.3391448131854955,0.3138780765150273
13.349056146570861,7.412014575995415,4.106729876447894,0.6910558127392618
11.392720726633872,14.758737549100537,9.257372588187913,0.27163318127436964
17.94025189270296,13.015371118829895,3.6145405510427837,0.19060983307444979
16.200727559285134,14.595766443210334,5.229894413421429,0.18463245734736922
15.334610919763215,9.878540439263624,9.011270236564132,0.34210762086359403
18.938925830509575,6.097361986775035,7.369492152407747,0.4299576197798217
17.885972112245305,10.47959488973693,1.5598290354823248,0.8309491710550684
11.516748797327512,9.54377334559961,2.325727398510733,0.1198910934727121
13.117220677955483,13.44357082739616,1.0705743169472512,0.7349258473948942
12.484891398144658,5.980825807842446,6.678296112062471,0.5314549141893053
17.43946292572677,9.882411370217781,5.029060828693765,0.2879453426759925
10.335324347357794,6.500486646939843,2.2084736581204796,0.4928195845328246
15.698896848713165,8.2467592689006,9.621407089510933,0.29994206977702265
17.624586857406904,12.373570773877997,5.766937515510579,0.596081955238306
18.767656367617494,9.760181293687666,3.1770396470160027,0.4338439228552442
13.420817487159074,8.758882851457694,5.505432140392368,0.16440552907887873
18.21257304672013,8.944762785700354,7.11658299461597,0.11658307455569672
11.106317369552073,9.594467684059866,1.6861529617620803,0.5466956820721302
18.46452291734518,12.850165438370569,3.472334335431028,0.9024130332861034
11.274886623319825,13.920846889402345,8.262689417955944,0.34395768655768555
13.972872905603673,14.553346865039282,5.136983833623951,0.7330001072226232
17.972953657795536,12.86903386255295,5.919194278290654,0.658661354939767
11.499174273487737,8.154068957480128,4.895344019885224,0.931554914309481
12.292513952326415,11.881347060865421,1.395099483787046,0.8209810172991409
17.222525683930662,9.37603124055392,2.4917480183814034,0.566605258905463
17.200365365460744,7.5467062204605115,5.009874748677018,0.6570304982341073
16.411476328852974,13.408715794259226,2.8826691886713505,0.8983864665840349
16.939484444671002,5.38426348962325,1.4498112579371085,0.3995187845869348
15.427244433475963,14.017619921354235,8.592846976466413,0.32679470585777737
12.517990589069527,9.61477464624734,9.830732762477043,0.010811083635196339
13.456959935039194,11.372014768082805,8.138285865970655,0.8265510741914642
11.815977168014257,11.593539222057828,8.684064295342004,0.8009807004033649
19.084505613336283,13.951177407065364,3.1777941728534085,0.10445451810015138
15.833917947661204,11.366696821672074,9.645642779618798,0.5768573811327002
14.008514167636399,11.139335847600618,2.7723313400808554,0.4639816981668874
14.620058036441327,5.666520405606899,9.562868293256491,0.11870909550911146
19.472833396118155,10.18408021945204,9.95337364569356,0.9805682270607236
11.533514031160802,6.501690008170416,7.405505251714438,0.21469588746335544
15.862298320167973,12.374337687214856,9.830293586126396,0.06723418009056115
15.05888678884466,10.122219208126744,6.125858016103933,0.5948473795019096
16.11454235434648,11.802277792083533,3.335876048584813,0.7388666771330327
10.181101838208406,5.416729006023843,4.932962970990587,0.03244344604718696
18.721239089441514,5.847920160458032,6.342048418409074,0.6587176387270222
19.32118282483612,12.163233880626823,1.6577340582431348,0.5322918759514544
15.65133183589209,5.720843359986734,6.601089381555215,0.10326500887504841
16.966508238768924,5.712567277652586,9.83060053086065,0.17252387694636206
19.224993811772958,5.1210847523488745,2.7109688480535485,0.5679742973160805
17.072386343133985,14.5650139829948,8.13335604659545,0.2963576135132884
11.525390429142613,12.37508359459007,9.171089144016575,0.9383157286513161
15.762883601668133,8.532514085020642,9.493314335381987,0.8187402294840508
16.06715046382856,7.9653558128765525,9.641220439649025,0.983567206513663
14.24130671302386,8.497032297458496,5.693136748493248,0.259670838950414
17.364442356247228,12.746535311811819,9.795771171923533,0.969723632797977
19.343670147690148,11.613706110704143,7.81579186420995,0.43123386979155787
19.255685129067764,6.851955678674679,2.455042926132657,0.3475187953137546
14.508393714041322,6.741093353340844,5.29210095821173,0.05034952696935324
11.132380458407553,5.983956497133973,7.464980578348036,0.05276525785960262
19.848411989623344,11.603027197013382,3.22606284237175,0.6920112559466547
18.38898086445934,12.64372662221736,6.765536651939986,0.4579289944340279
11.246626812032668,7.65046428325004,6.999404311419573,0.2265216260361057
19.208418826173723,5.209449610309128,2.464297694277093,0.6139703063252326
18.698963620621285,5.821716674764273,6.085767812074806,0.2528581182501112
15.188380571260721,14.678600348450304,7.944642198807469,0.5776317543444226
15.912754357449293,7.954447774774202,5.490060980823477,0.35920874698269034
13.990027038701303,12.692231478381336,1.1089280509849668,0.823552226611819
10.547616388220312,11.246635688542638,1.0813462217136296,0.8206961607667793
13.35197241645901,8.819396396528958,4.21326409573011,0.4773503981224013
18.028534485980114,7.056872621955551,9.335746615886038,0.3508191093350156
10.046320230046028,6.213864181594064,3.058091016432479,0.36255979655909454
13.334991716911443,11.150129680388666,6.709273199845184,0.8057145256682179
13.981686935909433,12.74633780637788,2.998682836239885,0.328179482797612
15.37395602937923,11.439042535411307,3.8950299069359375,0.20905937370684602
19.198556164127606,10.303021332491582,8.632378806413357,0.08468834187530683
13.463459943659613,5.419512234316363,7.559752980429522,0.4666931208844084
13.469532018962276,14.684887775943839,1.8585934958188957,0.4821320989198419
17.375012481097485,12.987141916545745,4.858318188877902,0.8409087104029072
14.522179408898072,7.928220367009647,1.26252787280738,0.22123869644606398
12.24604822939982,14.799703293588507,5.328011319427081,0.3809912736683999
14.524395161326934,11.018815896363222,6.9619061053096125,0.8084057388936909
11.408570203797998,10.824226582072464,2.066523612383364,0.8236236107489735
11.763869865062233,12.480731794295322,3.5999644501824912,0.3846110759787682
14.983677727394797,13.117697880901375,4.580529629519413,0.4591240232866809
14.189254495045478,11.564786073315027,9.275779221904447,0.3032858908492829
19.148459010681,6.280957463662,9.939295138806676,0.9325548784193121
13.62393899116633,8.382675059944983,1.4042016909605426,0.11864376574158031
15.805883502780436,14.280836403260498,7.849071311458529,0.93374942300147
16.322642879195303,7.2461561184385195,4.3455165976210886,0.6838664518353432
10.130944565883336,8.721670238375133,4.5321236760653205,0.5315721526867312
16.635373720167106,9.32076882944196,7.788384760123204,0.032659060784495875
11.780359668697514,9.394049896944523,9.265837889308678,0.4755961918220083
19.61070317469455,11.129395824945256,9.558357350522936,0.4077481050027323
11.486627277531129,14.430758377447075,6.194103274344887,0.16121881197512256
14.146241237270237,7.40692711832505,4.214090433704525,0.6564096035006569
10.853496680786439,6.21501376300918,8.087941772729014,0.9711509073682858
19.96874251845947,6.974704898599374,3.2590124493607022,0.5621888110645251
15.021950103312426,13.869249002092696,6.07666625950166,0.7147532764439458
15.953850173200438,11.45810812655206,4.227206153723858,0.06845045256601678
10.670764773884274,7.859067892391601,6.909679663370885,0.41766699581699473
17.49960470399178,13.159469389686173,3.163590216041562,0.11635848516449587
12.099055930955858,13.61369996363436,2.7243365116134317,0.6127958355365104
18.980542894407137,13.465143386902781,9.264151780078933,0.9384821582141546
12.051396404820071,14.189265336395545,1.916233146545832,0.6617777324716385
11.906877206636665,7.522410201733615,5.5536211696143845,0.07680304831442153
10.365496678480948,12.550419287462784,2.9876750466670803,0.35466620498508283
14.720669451099992,9.6053949727414,1.350369669931007,0.5506633794408515
15.648411332626164,13.419985528900614,1.3241693646228376,0.4032077561332522
10.657086394283525,12.284906771616132,2.576995948952446,0.8336440104751723
17.755276166950104,12.764474464997246,8.800933190554002,0.8146710047099892
14.532888347480277,11.561618376810715,3.54230869579324,0.6118310201032214
15.2439026932758,6.774287694697069,9.554132535177661,0.37345794513270525
14.40762746938228,10.450269188969383,6.234600636902742,0.25533637376324414
14.00763060875326,14.846697395245082,4.929527707918895,0.10587431821312931
15.59640331308218,14.373880664971189,6.220799512025091,0.35489768348655404
11.552402459307125,5.431737357970117,5.65028546703641,0.4131725172077195
11.81928130495271,6.648148157294371,7.828986283815927,0.6758229251040736
18.617856210135173,6.317287734545619,3.5424645937556702,0.6581598242975735
19.461154621336327,12.259799099852955,4.177453524402722,0.07010813964125695
13.73309316279753,13.17785329856945,9.046848722799256,0.3952593154311578
12.707446731435539,7.135113663106719,9.518108618353649,0.18177886721736192
16.439995432390155,10.05852692951829,9.033024047378271,0.1568127053168057
14.087341710980965,13.407030280112,4.775031945615822,0.8273021497372459
10.253863556603449,12.328015447662505,8.023289527061936,0.04191521671625753
11.561525973661904,10.422372054918483,5.287021599709889,0.41918287590212133
17.159722288473976,10.903476904587729,5.477858669314919,0.1682036557665182
16.589239419101514,10.0836054691628,2.8421209815155555,0.879330215678474
10.270959925034834,7.9754845131882055,6.320172729326648,0.5570405132750351
12.219721619329494,10.650219928590161,2.6752230797801313,0.23138063637684803
12.310747965880715,11.888853020500907,3.984082291604744,0.5024272871663764
16.718927435987283,13.733229158608077,8.695271814579417,0.7314863597031158
10.197105377543641,11.36291353979248,2.863682282897697,0.9581180089194338
11.041085819845739,12.61121537043158,1.6404245665608954,0.22044600424541894
17.999160853731894,6.6007163495457295,1.6210683335153466,0.8861817721293451
11.785446620543336,9.615574744197898,9.46706068452797,0.9343041141674903
16.527461078518748,5.093316198270933,5.562283941656512,0.9164205445320662
12.381827810467264,7.46678864521623,4.684708646353165,0.6354143568619098
10.994413927593452,12.264617151130048,8.297907229071265,0.6298206544347077
12.43172190999454,14.918099513493635,8.522433351194644,0.4032106331838228
17.22266931855659,5.991780995872159,3.9897192980404412,0.7523978823037879
18.55696468106286,9.014943158612883,7.242562517264157,0.5312940183509319
18.302198645669918,13.000709686991595,7.940105342666979,0.6774380712282945
13.971835296184548,7.040356346288989,6.891856181793591,0.42845790384879545
16.68085136570646,10.550849493022863,2.3643556732008943,0.7314964640431391
12.04984295415821,12.330712960296747,8.882947751653514,0.8244715176045491
12.931477302610134,11.15985450260179,5.851850974624078,0.14643625660281612
18.9633581852112,6.880247346154161,3.542251837330033,0.832929715574228
10.13001923510736,8.553845686857393,4.827053668939245,0.5402965317903072
10.85508530854468,12.837917844853973,1.3381398135901663,0.8446659090902243
12.078862551460272,10.542265141320167,2.150801211001758,0.4313017063410146
10.265322038738198,5.052296135429128,7.8899207546427474,0.37904048538303503
11.814354350897974,12.609907600280938,1.0001047127982954,0.9150607325172224
15.83041560969692,5.353113549402391,4.749092456340629,0.2511692675484013
14.214245505924978,12.457337827312323,5.702591629770296,0.8442123252861431
18.92671711076975,7.024805601652374,1.4917097800087507,0.4840205725094041
18.17443561738441,14.580734801193802,9.757703466750996,0.5140954425512597
13.41817351697876,8.679407513020845,3.0351279812470473,0.308468281489484
12.594234334312926,8.269316163380791,3.7377884767265277,0.5730422006190157
13.79692408167267,6.488880503324447,3.735482610295246,0.3252111962762113
15.902949425148076,8.056042154902148,3.073749959056149,0.03926941424165231
12.680636408228763,13.766507618282006,1.0132643987768026,0.27199860534435605
16.24148907849134,14.963343376272473,7.564103146791967,0.006379043406590679
14.094116521912404,8.683095305068484,9.701609498193568,0.9783547870568566
15.520471808519803,9.486106309545425,3.0186413495654056,0.9657472098197475
14.361265291353167,12.220709382027371,6.967424726230802,0.39515529747230504
12.944657595419176,13.861957804650745,7.677066942628436,0.728370854339646
19.484533069621566,10.930443341867841,8.635828411814723,0.345806098410425
17.636057941597606,8.915256981778294,4.803662773122483,0.671093157085976
11.401131757664526,9.126218408486238,3.726378150763863,0.8054300430459791
18.68467975897913,11.956181464968068,3.92765620620728,0.9467562446922407
14.874311982495136,5.032182636042787,7.413591997886615,0.400212275849672
18.945522268940913,11.195893374598407,8.351015198550725,0.7832979829560477
17.998552559473154,8.554930104413573,2.6345257098094237,0.2659284506321188
14.252135044692334,12.941973312770843,4.338469073419887,0.9903323037936483
10.224693083201174,5.929906398231322,9.11746177074235,0.025769598764351143
12.68677359384946,10.882022669483906,8.260241677252653,0.603528806501121
15.41634214660867,9.809728898861238,9.863725624862283,0.6595059816513271
16.334782198261472,11.423255259052274,7.788234337138727,0.6880455570741288
12.578876854332023,5.648535944829684,4.5387568092513,0.12038757878908901
11.39356074072824,10.799837874281312,6.31574050595174,0.9385297834731304
18.34930236799299,10.614845879595237,6.949128288225882,0.1811832790500828
19.84402180703552,10.606600944161709,1.7061023468541157,0.6227534032398411
15.256901823026858,11.034876665964548,5.900472631934786,0.22267607912308496
11.716792858483036,11.764679372263622,7.383887456253486,0.3072164170212709
12.72307326519369,13.049889996807698,2.505891736009543,0.5464585417281244
10.183906765474667,7.698207201282143,8.025685456830015,0.4171934185645765
19.14298806560499,13.250494101800621,6.253955024627005,0.1602256009765063
11.177510828901411,9.982556822634535,9.569996071278352,0.1709364024208483
15.765164755142536,5.770582791343312,1.3818006838620254,0.41814478816279965
12.74055220687206,5.5855092924397916,3.3879352379992027,0.7572829782755007
15.541780025157934,8.342383186960607,6.413984913698417,0.8979646468477885
16.514203883518643,12.848969771114675,3.669039209853376,0.08412766225938284
18.297418037072017,12.076809347409156,7.42981747664118,0.39310390755940106
12.064212717606033,12.886149646724064,7.831047542697379,0.10024556372287663
10.109958286584805,10.172690564416094,1.9226436765982702,0.016592480632597884
11.368856300688073,9.401989979554905,5.624690177860909,0.6617186826439566
19.00018641848105,6.474525267062839,5.580015000319503,0.6024494419665878
18.738900775625154,8.281927536093114,4.3235269319398695,0.1630191138148862
15.974131021703084,9.340193661738752,9.396323763127048,0.2338128330930641
16.005168604336532,5.886004296796172,8.44755687885899,0.02370775364451838
16.650366745462556,7.206119527112112,7.274884437186731,0.8349472056944037
11.753712786234496,10.982252940637387,7.428939721614978,0.9746905960485515
19.1441194592496,12.356631142391898,5.1554452943180715,0.1354595367946908
14.187705248920732,14.983475113929497,9.288950689869182,0.23147521376529812
13.831385282494974,14.331133313435577,7.251358845279569,0.868409523946934
15.189177052828375,11.425651995351915,7.560829554902348,0.9264637979561848
10.46965966775055,9.21248053294072,8.755218134086107,0.41962738280681033
11.662833687560795,11.361773647082327,3.4666443040797192,0.050622472269074126
17.380336164263703,12.85651618080232,8.263638134800328,0.0393918336928194
10.827986679251264,6.183361909233874,2.7571654266084282,0.5739498660690104
16.03152109466388,9.099048896962882,4.1080775702039904,0.392895108893179
12.45349109681321,13.398022856356173,4.020494088428585,0.028652427577654516
13.892956140419766,8.83832951933044,9.806729215502266,0.5832523923125568
12.886937367706999,10.718722712271866,8.708835013731342,0.011302536589022472
13.556727164649491,10.877693608621982,7.310528754312338,0.787371958149273
17.190459051842453,6.844762531336394,7.5435108545385114,0.3064328227033716
12.97121715623175,8.622354416522883,6.05865514962314,0.0402580030092321
15.664046402968971,8.345112887419322,9.523816003976671,0.5883522209831533
14.760504021990997,5.261967085320648,5.466328775941254,0.3976844144330547
16.63671165362648,5.241917638913552,4.424659388829051,0.9738004133571495
19.36829739324758,13.316970436757735,2.467318032384319,0.5441986625037022
17.325720972102502,7.730708099728124,8.075850870349523,0.2752391810370083
12.149403785907568,10.180787662388155,7.609995388680323,0.7094388646339748
10.311831350612847,7.9872557358877305,4.459195346717214,0.27149200254271133
12.62264044299825,14.406792451153406,1.2267407256330642,0.9042432914075651
15.950779307002549,7.5929675886577375,8.550975949462096,0.37472197050737643
10.514258134842503,9.296568127389351,1.1027618510866626,0.5498685627762052
14.963662472012363,13.727302504846019,7.333298016661459,0.05057310382422886
15.968428489168893,13.419335667918087,9.732313987534514,0.4261212379522308
13.342438908169608,6.861014178462773,4.938951953333831,0.832363539660995
17.70912203745822,13.026433097957105,3.114760644963575,0.8056488053633419
11.065982531337719,9.581868867378926,7.343839090390436,0.22431855885352625
10.751377817358087,9.829688720853552,8.354153278140267,0.22607907101056268
17.281887562036033,6.334799724159438,5.917872844700626,0.8173053122132368
14.954913162061985,5.806015137571246,9.703317477305315,0.9303984201693255
16.88402396427736,12.279393069737651,1.46501849492165,0.09536092127300355
14.348273386037462,9.964611523552998,5.543160384740753,0.45005863942622526
12.464020332391069,9.368507026151796,7.466085525902951,0.33745427896422897
18.191023176741997,12.295082286523968,8.76376424034261,0.8706884554574393
17.99415878968979,12.655128989911098,2.6133005071701105,0.08352491468001877
16.946964708544268,6.589081676693535,8.200031335873133,0.2111259425580374
12.721451372299626,11.102251494776413,5.974363681466907,0.7524683375864943
15.902306668690871,6.353540822776855,4.568983137909669,0.051293848981215584
13.609738969400269,12.513750860290457,2.185435257211842,0.49253538071428926
10.915820733266342,11.569551562671396,8.787661830180213,0.44210703467972
19.17313575462243,14.56614621083458,2.415458873617438,0.33440117898874866
11.368186309189614,5.689580163564212,3.7880907328818934,0.3945723153189238
19.502373538208026,5.570547211512543,3.610409787661932,0.5299405869302329
14.460057729579557,7.821870746932001,8.842726307717689,0.16136735838838312
