Feature1,Feature2,Feature3,Feature4,Feature5,Cluster
4.381041901585718,4.528980017342419,8.666582776308552,1.11276277686472,15.4729438993043,2
6.846435278825667,4.844789215452282,9.087496997587174,-0.6396100960376473,14.231370729573316,2
5.064379378362446,6.191578975021866,10.720810387575565,-2.00215822670631,16.370792439876677,2
4.605940072245614,6.494898058086079,10.588132715077826,-0.8330356192044234,16.402200569216344,2
3.33394325756203,3.83826363738397,9.472646609178549,-2.0648552473592643,14.8903823678003,2
3.777274728359231,5.932132964873279,10.063548694010542,-0.5264874924301398,15.28599359563862,2
7.448791838825486,4.802528947865085,10.166130488129609,-0.9097745358061488,13.870502848078264,2
6.3422576824756085,5.436814952319184,12.986678930359124,-0.4462009234823463,14.737575723807971,2
4.445300340787637,3.9174260082103753,9.672073733139316,-0.9715151512792126,16.121331263710292,2
5.340844091201966,6.403693515890735,9.45356972979197,0.1160565035248387,16.97872939204824,2
4.233005117133954,4.484968372964578,10.395731881269322,0.8810871642812704,14.136922002403717,2
3.1965428738773145,4.373040324453562,9.864969906429373,0.3791484630810008,14.058394548319452,2
5.242332287211323,5.391342275045734,11.77115391185378,-0.532943543413139,14.091091773195812,2
3.6244712840144166,3.962604331883427,8.085316888080582,-0.5183510241718827,15.400164789465348,2
6.175380668805055,2.943872277287574,8.906654164588883,0.4049756703090081,17.496110106210118,2
4.268670053263444,3.6294868354044967,9.706992877188782,-0.7125713284579408,16.67425340226772,2
5.674116193143749,5.870925725110346,8.745151583153534,-0.8996787117481588,15.670147323884974,2
6.432620325462004,5.328901437968337,9.888772383813215,-0.3974518274659753,14.393671123616068,2
5.836283242619905,3.9102444446092703,10.431413640946012,-0.5260734909153968,15.12131190876611,2
6.781486243123322,6.538529647443204,10.583287501527966,0.4559889682686052,15.521232343066146,2
5.997901493695778,6.800250649241473,11.572025012691984,-0.0829727336966015,15.353999258457996,2
6.475807952578979,3.3773446349283818,8.961726731609975,-0.3306108854552442,14.767803453319363,2
6.872393823100236,6.571859315842171,10.46388481082962,3.08883076602763,16.171995811173208,2
4.573090572897003,3.855808933193989,10.63427975336889,1.3364412079875765,14.46172435700752,2
3.390563758114087,5.888463176841336,8.801415645015188,-1.5609964927878026,14.113909785231648,2
1.7894153447681278,2.829289580139192,9.418186261263472,-0.6579996544366219,15.118741322185643,2
6.572501759501954,5.853242093680476,11.84932473105771,1.0189776152417829,16.294012099158007,2
2.651519774299837,3.292114421039837,9.320170084150943,0.0302883285810789,16.08055722317688,2
5.976687752506319,2.996826706293293,10.989096590508186,0.1436178057745725,14.528572563631284,2
2.901894957797091,4.10511336655699,10.995151307635329,0.6892599240641994,14.808385443059068,2
5.048492592612419,4.100270559408152,10.3378669095715,0.2284194418869749,14.65693027764071,2
7.606039624122623,5.2033897603806105,9.797744985319538,-1.109438308723717,14.029629672702342,2
6.823893933363846,6.5140445649556975,9.50503446447783,-0.4719430676096821,14.050723110648528,2
5.519485804809059,5.055888024894517,7.729801745089526,-1.0429619078200667,15.474748060131892,2
5.07009022344388,6.409955489480925,10.7757275799473,0.9304509298252038,15.136305560262576,2
4.230821596447371,5.262627409541057,8.157674823184255,-0.1536192839623747,12.228124360130275,2
3.4570802976274,4.124392003372093,10.750778575572372,0.4764574066566724,15.273695133240013,2
4.780289939172981,3.896505760939777,9.713375991620897,-1.5546484285383342,15.998225587771888,2
6.326480013488259,5.368501818549142,10.181934175174463,-1.1565928359518056,14.547564568441526,2
3.756713756620984,5.087845516677747,9.8372064918822,-0.2392592492081168,16.12333903871903,2
5.260329138893588,4.458312655443947,8.257071354944985,0.2400013148958965,16.380892320934812,2
6.4257521118818826,6.301358115510063,9.826195864582068,1.6481234962131743,11.65775999594467,2
5.602536219058901,3.994639100734159,8.203367576800735,-0.060598022628966,15.163405685918852,2
3.4622959709870784,4.648757157242686,10.10942041703155,-0.5709516817928938,14.746688367814048,2
0.8853441164536395,4.355185834169325,8.861008645881046,-2.3579697660662027,14.830597325328066,2
3.912327018519114,3.3973953509816184,10.544898938285243,-0.8100203569191915,13.92488865757317,2
5.932929209603156,6.079559980336423,10.552956846995317,0.1610191662589738,12.986494405344413,2
2.359052571219713,5.952999343746972,10.19200692889464,-0.3222407460213081,14.201232576696215,2
5.712932820391517,5.894796387096239,9.791594948676805,0.8009926318550205,16.524151587984047,2
4.798419153901103,4.944300884182868,10.484553764869553,2.112128153096726,15.14337412588362,2
7.300087928585928,6.581411205681344,8.174881212507438,0.6253734739942591,16.850916937603206,2
6.690702670701016,4.307870340427414,10.508116952655268,0.6799364421337033,14.290450121757502,2
5.711532802513529,4.446357301362399,14.03136594890914,-0.1386013968772265,15.172151779751845,2
7.801733447280997,4.63940804830852,11.831129395800044,0.0381408886464384,14.808903865985249,2
2.2014490231278576,4.875988106130424,8.364952007454136,-0.7332734880248624,15.815360575552551,2
4.704742282661407,3.9684229582893824,10.210620564708314,-0.1649025445439068,15.230110857192894,2
5.6210497610525145,5.864174877512882,8.56488431296334,-1.074512383267355,12.637710527436262,2
6.846091559373827,7.439494097548876,10.622590904111652,0.8609670258977978,16.128386279035848,2
4.6703747219264615,5.058335333151166,10.606296162698415,1.1694606721315135,14.960585406080977,2
6.587605450940193,5.241009696051928,9.65634403343735,0.9951519262161816,14.62724210786035,2
5.308639265286028,6.54691292547464,9.787289183588284,0.9112478303228512,15.43950002694175,2
6.114573127607171,3.571733731026203,9.977134028331475,0.2685539301235451,15.090016762506409,2
6.328043360797409,4.9569243377696495,8.801234013037504,0.8463724557745507,13.865979017083983,2
5.636842615594727,4.276616156068596,9.999535432997757,0.1848798900096547,15.085670403913296,2
5.43300937651928,3.458622592795913,9.96360731146392,1.7170969516413352,16.28201764899597,2
7.397304850988419,5.963613326913928,9.495278927793107,0.9061249781233756,14.679231233392423,2
4.121646687488084,5.89587939226894,10.389080278280415,-0.2388395522858094,14.06920458434548,2
4.311066843045041,5.352284862858591,10.520685089787955,0.5241736974109534,15.76482097369493,2
6.094505249229263,5.949456559241982,10.352047490146212,-0.3428767107369121,15.488773762687028,2
3.2631900180251634,5.024679919148572,11.834174665170268,-0.3354606899334225,15.167794119158346,2
6.203583851416607,4.228631954079837,8.594577372769816,-0.7029264965137859,14.716457443555722,2
5.978762024919816,5.785474199697106,10.821591189558127,0.5674960946275324,16.07469641442037,2
5.981429827852039,3.370334982770152,9.229098606252643,0.0590579630006188,14.101991730029503,2
5.634894332308866,5.195748544786468,10.144295636520724,0.0239413018940406,15.806484983047914,2
5.509158836200383,5.487872782524284,8.178440247301273,1.1118460605084892,13.145610813917758,2
6.627670167343791,4.79303135761676,9.433050102291098,2.0077320474619005,16.29698727783917,2
5.148174013159882,5.151948312256016,12.904024285069749,0.1057436313334949,15.834449944283316,2
5.285661390785508,5.385014677121011,7.71656805400949,0.3435139113659665,15.70190750272695,2
6.278416899366696,4.641912638328018,11.196199802202669,2.516705653391353,14.412439477162,2
3.828601912051128,7.538046280279858,9.515652575697034,0.509342876736583,14.19302351235891,2
6.0110752789779225,7.079073718180117,11.157360206326082,0.709140365116432,15.88537713051111,2
3.2972712593685447,4.949200655570952,10.020107055263258,0.2106423767230203,14.55051906032484,2
3.061375486188255,3.820382910081866,11.001137137977471,1.4581976586842522,14.938449322228715,2
7.282574457803824,4.629875864328666,9.583222227083567,1.1331356687752117,15.151065099564962,2
4.639479795094798,1.3179483259711384,8.166591662222254,-0.0690739895240851,13.87977866178906,2
2.7116665412856955,4.058145765834892,8.437110550291843,0.0870887222744252,16.715632208246628,2
4.117767222601078,7.459331829050564,11.39996873080749,1.9774648261813808,14.31002112846916,2
6.492941114936053,3.4865405433062016,11.304615031168494,-1.7653423399048602,14.40074925722029,2
4.486243883488657,3.3133724178799486,11.787216493715796,-0.2375848563611615,16.079574145657954,2
4.660846157686171,3.5013396900871743,10.521177182607104,-0.9519710255689674,15.654255179839865,2
5.957978046481341,3.728434107237175,10.575281992770767,0.3447043241431727,15.467934766446374,2
5.656158612522223,5.353149395537321,11.68324496449168,-0.3120322950160041,16.178562877826202,2
3.021791748761876,2.3626536733924786,9.366225280050168,-0.5360525771427496,14.681023577381657,2
5.888606039823297,5.332239729033202,9.375416615779969,-0.7911134589588583,15.399729077599943,2
2.865338849785456,5.796463674882916,11.92666948291788,2.4985746492946848,14.124506977324398,2
5.783221677067519,4.495132116012922,8.828005986833869,3.150981876629928,14.612616986582196,2
4.097486182258579,4.7202433114698525,11.849213785522736,0.494013062369772,15.889102752651636,2
5.691892666759747,6.081348734858894,11.66085442185499,2.705084705562201,14.947094186629313,2
6.475714922357756,4.472331292573247,9.758962512897105,-0.7388091824311998,13.175465581044085,2
3.4471479582844307,5.0124381238957465,10.379833233082236,-1.1681116300179155,16.121679729029623,2
5.891315158137156,1.7709534407864471,10.059981927937596,-0.1580586800989574,15.221804179494956,2
4.863019172169258,5.32642677962885,11.29565617402156,0.2917539923552327,15.969733373278332,2
4.685273273802912,4.7452727763800056,10.327779269825063,-1.0713564015972936,15.280026991078554,2
4.674593716799221,3.3610044202601728,10.303639187361368,0.0219247274565093,14.054214681220504,2
7.1822471537109465,5.898915278443991,11.374459745918546,1.045518833436707,16.13635794718127,2
5.2057403940717,7.8936393433162095,11.480437276120607,1.078340233340093,16.553751727348924,2
2.728714480367285,5.531518911031013,10.474904528326338,-1.2480533096266475,15.4312361531707,2
4.069519847142944,4.987296704216886,10.301450420087058,1.0218724740215168,15.867158878069471,2
3.078364743371245,4.494173015864915,8.859455644781406,0.5532706639052841,17.61155439726749,2
6.365356380041299,5.239538054632849,10.425806756092072,0.4554239477420538,15.745551110319534,2
4.81450550990509,5.638928273802918,8.788522181927545,0.1380333490891358,14.76399632071826,2
4.905219908309959,5.384766855053628,10.704935674446698,0.603666127703482,15.637916634544542,2
6.80868640175535,4.049505202778732,8.477701078072844,-0.6696123670599915,13.456458354465012,2
3.359341488539166,6.58065151916424,12.345045380872143,-1.1499119851273227,15.281813705498507,2
6.658114642960214,4.232023528560575,9.258218006305077,-0.3855620833485662,13.937653035907116,2
7.50323831989049,8.181080017615164,11.006656487246072,-0.3753359681509856,14.093121715014652,2
4.248118885127815,4.746431923961965,8.65188727081893,2.0482155852298938,15.324166773432095,2
4.246909948930584,4.25772732646278,10.558490048371649,0.697508089155234,15.977601926321004,2
4.461783937057806,5.535267111002821,9.540038979576666,0.5608931148788361,14.162418469204356,2
5.191710983557394,5.3290221249950935,11.475934723740892,0.0850755427581519,14.686345656872753,2
3.346743414810516,4.98056633895311,8.563366868847805,1.121287582115317,14.885223907514789,2
2.283270474294687,3.3106334216227857,10.755077983180312,-1.7608794128392038,12.859793492083824,2
4.287322690310139,5.00567881225715,9.665182087594577,-0.7737226767053293,12.322738687241412,2
5.009207191395499,5.10929202423632,9.04925963156182,0.3257750283919444,14.864696399715717,2
6.326756457420249,6.49125600126301,8.170378182120288,1.6175792206596238,13.955312630503956,2
4.508269824510029,6.2351323316073,10.71978442879349,0.7441111983330232,14.244119436785116,2
8.230277407170588,5.777316257549607,10.897367875555066,-0.2240929817002307,16.02325827347598,2
7.51870684184744,6.485544144270083,11.093854371215604,-1.0310877368663498,16.193960828394786,2
7.005869269426776,4.472677960195292,10.408110982252763,-1.6334675293998364,14.732863755582027,2
2.5848324400801923,7.128612235472216,11.067701130482371,0.5918774011560908,14.743204189459965,2
4.2304442625767535,2.636552887138879,9.099364130960652,-1.361480032829994,11.753009327881337,2
4.952132951100369,4.8506785669744445,9.925108190023971,0.1296159557087239,15.162871325185645,2
5.047489306004407,6.008306433254902,10.699604265523682,-0.3448267107868324,15.757338819001404,2
4.74504936899372,6.622666684188832,9.304118833372032,-2.48418743996817,13.43188464148065,2
1.6920039841366226,4.694508335736897,10.235401748948236,-0.7640701897805916,16.23785898791345,2
4.74431809783021,7.47675335102568,8.855297098565181,1.467664886663851,14.386197955309614,2
3.133013023822664,4.3864432432153135,10.230135456181731,0.1649704982166044,16.237403020977236,2
4.008925088815715,4.045652395600824,9.7840105774594,0.5953211354961934,14.60367471120029,2
6.439416541478326,3.97184340784406,10.773203162894797,0.8267729977170171,14.478422419934915,2
5.555968452163603,4.195936746230196,11.052315031690318,1.0941346491265125,15.378906789258211,2
6.568400755587392,4.657703455783944,11.099662554599105,-1.6000383287670754,16.104810954477138,2
3.222220149788141,6.807779514115536,8.882768830725675,-1.8421019775965997,13.026533263471146,2
4.656989113674714,4.428086173269756,10.309611547410809,0.3865981619316409,15.078343874953516,2
4.019404488600238,3.8753651717768194,9.227226942787716,-0.8626916669604237,14.704943021052165,2
2.904677832844536,4.848955064999836,11.393676371561652,1.1607397836250837,15.151719649499162,2
5.239587070187445,5.422827954654485,9.921420804017774,-0.6867636889135099,15.656065334728291,2
3.86379660604298,6.147752342941333,10.248709585174137,-1.3241550511385016,13.76181567087866,2
4.797633711503057,4.597512972699773,8.211995788907652,1.4377029026829309,14.290617072327292,2
5.535952816632202,7.545370806421542,12.130796272798342,1.2582571918679533,15.116416813627712,2
5.899552273169809,5.2380874454298585,11.3003920796465,-0.546330531677171,16.309190439517018,2
4.527799010971192,5.985056487495825,11.612481383814126,1.5638417222938064,16.50948659660572,2
2.8595044076282243,2.169062197728501,8.264192814215084,-1.8592948578014676,13.480144489813272,2
5.826504200268397,7.141752837714169,7.88199466942384,0.0087436669103549,14.06555096919556,2
5.754196925944055,7.136094858349235,8.926738486878744,-0.1279298725954413,13.364191200410431,2
3.743356762685644,4.782609584086598,8.830778508405194,0.7958224410640187,14.561091652829614,2
5.833960086461463,7.1401226613604365,11.464923592901108,0.9108339160505284,14.863571878681965,2
3.499553805062213,5.795610677392001,9.733306366021774,0.843436719569669,14.766983910020215,2
4.790639637437475,3.365422461689545,8.642471013320167,-1.155138160088171,16.180528996356358,2
4.82131619368854,4.720095087865473,9.759548502782804,-1.7418495235099043,15.60684067131452,2
3.939511643570534,4.246545161848105,8.678030478188775,-0.5003044668518168,14.753721505173496,2
3.561928186220637,4.410831191188599,9.590030164102782,-0.8514576981661243,15.16367656199619,2
5.499022466340199,4.539843302559641,10.235040612107737,1.1352530514749923,16.146076486916595,2
4.814110105410006,6.36920125577061,8.792904647736068,0.3783770287942509,14.209761542793515,2
6.791563270090371,7.061599224695943,9.983010803875914,0.7664825830403899,14.34155201310848,2
7.057095147294559,5.989306533539272,7.794218733990435,-0.8690650247382775,15.298515715661406,2
5.090932055769387,2.1616012615029234,9.25301128351574,-1.2943895797555036,14.600831669340964,2
5.393336374899774,6.676489920569784,12.302115959389482,0.1501979963178673,15.28530912201838,2
6.240117788994152,2.9381295363582622,10.095780798449535,0.644203869192666,15.124200240855616,2
5.651387001300221,3.922538669450371,10.81895304921298,0.4700792483233734,14.822849063127189,2
4.943059261740324,5.738388561160291,7.403239753256658,-1.37893514248328,15.247441900762707,2
5.004217728190175,5.568445684708234,10.843865510415194,1.9457742512661007,14.143239609017778,2
4.771421324597841,6.623354328479511,10.302223213669729,-0.0466119424354564,14.544320624348112,2
3.357423278932744,6.134478766166166,8.295392124806847,1.5264522373444038,16.16878499894961,2
5.657100769180013,5.503763968162811,9.665799625003226,1.175378870738659,13.31761000591851,2
4.31922532389252,5.096811343770328,11.883587938221773,-0.2629391356500008,14.998429707491432,2
2.680465292912113,3.6206425575395897,8.81067420693329,-0.401889377559703,13.547128618654,2
1.8843194885711851,2.1228467618698312,8.740395361757237,0.2932042584227237,14.07540784434214,2
3.683522284535149,2.3815500405776984,8.855081467895499,0.0135023090670861,13.575957063648293,2
4.704741419422941,4.256471939612022,7.981435614908205,0.8502273200969602,13.722002905347,2
4.184051665918935,4.1070097549697415,9.150007238315132,0.6883607191494839,15.90856502171661,2
4.22015918550797,4.589779763495112,9.49225493039812,1.1828009215020254,15.074958090688575,2
3.6061833036868096,6.332190876510817,9.46902541821174,1.273488028121093,13.313446488268708,2
5.519931994613831,4.964017856018582,9.443678364268685,1.5251578502986836,15.482171467950218,2
5.337901705731797,4.5328435208318325,9.596043110857124,-0.6388977572298208,14.57203930730551,2
2.903181019033272,4.8466747403520944,9.692960520948692,-0.6404981825277017,13.62705942141524,2
5.974144644323365,6.876797481637583,10.313884181268058,2.154537849643792,15.845611330963065,2
7.372836175760331,4.148000744383687,11.838560035620668,-1.8924384079796888,13.935094601275104,2
4.531900825716513,6.4847414666654455,9.850747068794522,0.387866168882663,15.856825118763451,2
7.166555241163259,6.442687422133,9.96822428088299,0.6215590229199973,13.431683808324344,2
4.51814521080111,6.803666133924852,11.798061289032074,0.8608959712434743,15.21345965320186,2
5.504573659353381,3.995777512243886,10.856034973383554,1.5810687423877214,15.378015696302969,2
4.229867499276549,3.726964226482905,8.595545367369846,0.0528520544120426,14.408380079265728,2
5.677582121297113,3.3785200428045674,8.821825339894922,0.1003877564035918,14.906584428345008,2
2.9988495833097777,4.709824941310319,7.541170369273424,-1.1365451871799768,16.128949293229777,2
4.25528155216469,5.867676023778294,9.481053875014066,-0.7837749044530735,15.356941285271477,2
6.327661433731087,6.4571682457978445,14.124251619545696,-0.07460518182714,14.393120555084046,2
4.581296620814412,3.331351057948275,10.33243804390704,-0.3035893261668178,14.732817772853217,2
7.708516911861562,5.856435389838991,9.512763027880242,-0.1494283976621541,14.995396430041772,2
2.770097686999728,5.985684398285148,10.879378104656386,-0.5508520504672131,16.02581057043007,2
7.104833640028694,4.712169450366488,9.206130750909416,-0.7319867260179215,14.158117716767334,2
4.516852593050172,3.129268714954456,8.980770083865238,-1.2111789621270224,13.749518390390094,2
5.521604705864227,4.04858135781574,8.579408475671135,0.4336725676065701,15.526638731332874,2
3.9744649605104696,4.941942695929191,7.306161967763813,-1.1352307446007488,12.928357632627618,2
4.126280665676001,5.049492145660598,10.623967569572455,-0.0821266202737169,14.5700908647037,2
3.851570522808793,4.478840450625127,9.264087565389476,2.362461648543176,13.815837046491412,2
4.610634342060727,4.3076650948002415,9.417323365753024,0.1257467655236654,15.98965570316748,2
3.619161419637938,6.373240461372253,10.068008987156633,0.8630884622962542,15.900210270842178,2
2.104049127952403,3.298498760911858,10.72010598778576,0.2825668200765041,13.853007115645813,2
2.9144846219881564,4.037320603022133,8.032559533165864,-0.8560748995189793,14.850144374222216,2
4.636271280285635,2.5400650250776,10.374716374052417,1.4986864711796923,13.70723022124091,2
6.052184421752583,5.589872635752473,9.725556353515968,0.2190749978351853,15.670178881177655,2
5.710658710153417,6.246278472249189,9.138924952275646,0.5274462048942622,15.647727887705235,2
1.4855105854988215,6.98155868641777,9.704967118890494,-1.6956406387270937,15.2045313548666,2
4.90352980029933,7.858545081883816,10.087497817182,0.1727179963802473,15.03670154278956,2
5.530585806936079,5.195764390688389,10.187269085623704,-1.0607600740238845,13.72770295404823,2
3.893682026932056,6.049619870531544,10.754576652160942,2.2088238062671457,14.86299301949535,2
4.951714587589315,4.991171377194891,10.047923246447166,2.3330168075795226,15.225269362337103,2
5.6112667090305886,4.038610324129771,9.27355840725454,-0.7085129064323912,14.885057370327386,2
5.064762366212933,5.58076051334491,9.340788606982043,0.1535626499129316,14.36066630237095,2
5.032510849238466,3.744898565922653,11.70844335067446,1.2864198774233884,14.848015360142432,2
1.2213499605664029,7.086381342229718,8.222733624953134,-0.0406986965457365,14.15268909644974,2
6.580003501136583,5.517209278326364,11.690542657849573,0.3536153947245709,13.202416155656866,2
5.446539661906995,5.461186506036171,9.075822030752454,0.4110098282323711,14.9978616844188,2
7.002855315911432,3.0973169539601573,9.08643147761743,-0.1547833867329674,13.632487976986416,2
5.099491863285577,3.827866686547676,8.676041876505566,-1.4720848537247582,12.80519364175063,2
6.407502833667131,5.694815370680919,11.388378489805705,0.5537064877894988,14.885213179306396,2
5.181888591044474,5.149999381578182,7.982500546804918,-0.0932246723093041,15.224701767316954,2
5.129349560703777,2.4296876658912514,10.075808717504067,0.3036664647474807,14.060309515569571,2
6.658421604865057,4.313148988803167,9.902360269217962,-0.0411775836034505,15.059627907575328,2
3.804450016692152,4.415569431305224,11.244207933833922,1.7380008339123885,16.271318070410302,2
3.81788345944264,7.599670071489928,12.246959347551185,0.0686861944032797,13.693517281409816,2
3.41582589195005,5.33209591482896,7.09724733982541,0.2190637511182695,15.428231601606486,2
9.720956378975242,5.993607986126414,12.73961806903354,-0.5045453742158004,13.90302410997141,2
3.9371630252630094,1.7051195131247885,7.353618501515784,-0.5885460488844275,13.58228195733525,2
4.533411455323948,3.97395247231474,9.35194777099735,-0.6298782409997176,15.479102048099984,2
3.621671494356374,6.442642085727666,11.02990171717914,-0.7554911827575267,16.11950508533461,2
6.287608256876505,4.6764833465154325,9.034503270722924,-2.223952816727216,15.3572060728705,2
3.0709912423974286,4.2342638708531855,9.743642528920278,0.1196318252280351,15.947253186435113,2
3.55115743426732,5.149932952024225,10.798026409869948,0.2189636526056565,16.71729977480426,2
4.547875647818531,4.939139901475549,9.137666234362456,0.2843496972071058,13.683230128809244,2
4.445979400842456,5.086457181074158,9.772366560378751,0.5410917576740752,15.108845820881088,2
4.222340134167,5.5517620987272105,11.225590914284975,-0.6837441090633309,13.12975188165302,2
5.512579376145393,6.169588514255881,11.425652675629191,1.539836827288818,15.846338995992287,2
3.076953979899481,4.6482506798895145,9.384666201056191,-0.6982182102666624,12.619517505087456,2
6.53211266772352,6.346899074465589,9.928795702466704,0.6824087044621047,15.506673535458736,2
5.124315637907734,5.05725710846109,9.954021119422926,1.5299145436305892,13.163442917457948,2
4.168073306792181,5.757414460206431,10.096434604262043,2.766858526048196,16.644869931945557,2
4.962149290801673,1.862938684691862,8.87041891118958,0.0264431705450281,12.972785052836423,2
5.168918568321701,5.382063479617931,11.143889885142093,-0.8393775772193154,15.48961371961702,2
6.237548399878811,5.664209635586401,11.433174776177388,0.4598828854512879,16.772155956258686,2
5.36594102936317,3.034420114823176,11.386693368190947,0.6704151436779286,13.700385659178671,2
7.910800208623865,5.649457409027646,10.077028471525692,-0.5707843416827669,14.945048483988105,2
4.554933229138076,4.870609135090676,9.364647913779487,-1.1645941839172724,14.50837014629471,2
6.25425821628256,6.426050100969997,12.016396830583178,0.3513702713692161,14.004950474972944,2
4.438355963226623,3.005233590259864,10.292138671121664,-0.4024984294373854,13.434836937291331,2
7.185691379494621,3.499817884572443,8.808191493035238,-0.4593644252600354,14.97601524741219,2
4.749899654545804,5.0400529242701,8.99779252188854,0.5815568131980198,15.951663142561534,2
4.582681873531535,7.938958469131888,11.172314775512517,-0.7543086907369894,17.35111966570587,2
7.074497777392379,2.7878263027442425,8.80955443533187,0.1786823171405449,14.663473886192048,2
5.989065278449198,4.331274371108742,10.006864891813631,0.2429446215292345,14.64415955931509,2
6.651075379257656,5.234686254410754,10.523988007559051,-0.474504813306062,14.340036749506302,2
5.908792697858393,5.767730620710722,10.264491202138547,1.519018632950912,14.99840456644806,2
5.906276400540199,5.156221679152187,8.276564568537593,0.1707429093356058,15.02869273822709,2
5.253080813873575,7.073176167685537,11.600451555941213,0.1695579877995738,15.489306815885124,2
5.458122213974242,4.4538929210719935,9.743717413228625,0.3646334303062638,14.957197451361514,2
6.0517738848819365,8.038821218483761,12.00191493951355,0.0174520039673414,14.757898331005329,2
4.639566278195761,2.089435894648845,8.470798199244951,0.6203613763815893,14.659142441574886,2
4.71553300624878,5.702440478723851,10.792585112670116,-0.0229797514429261,14.914198867428151,2
4.837075826148592,4.8985930631995,9.144157704163163,1.2323712716769917,14.344305632948586,2
4.026143140667776,9.083204456225843,11.148879465914206,-0.3951754086065394,15.632669168776122,2
4.410755123857848,7.505922151295407,10.512524018278532,1.3284828878101589,16.24464072667192,2
7.099179373801167,8.779902314098115,11.831904076238182,-0.2452242208037358,15.184620519944987,2
5.595952347944818,5.070491377960288,10.010324190309603,-0.7557888430902845,13.58748499316846,2
5.098340882956898,4.671356624370654,11.131862883220371,-0.4239147936941482,15.753867965832344,2
6.803395269457524,3.859453113851104,11.413401928551613,-1.2190388875278313,13.03592803208414,2
4.587409089609734,6.585912798349794,9.499074221540628,-0.0733320087061997,13.318982758190142,2
3.951416125398496,6.000111421889351,7.796919425047085,-0.9161819860495066,14.124490085105554,2
6.087986997863061,4.621319112870735,7.910551293009177,-0.7719785700604062,15.48728898183927,2
3.977597097870329,5.985968611219628,7.911599362814056,-0.3327594658364399,15.40036783905156,2
3.414022075966688,4.765210002000649,10.867892754414775,1.314988473421829,16.011712075251193,2
6.627229345852124,6.418275074540371,9.161521109027024,1.07599423507887,14.413109456502164,2
4.436981582644291,7.631924266747715,9.519952705758524,-0.0149583995278616,15.568965180920626,2
4.22195995273804,2.868487747197223,7.944351791104095,1.1749175111270094,15.703751446821263,2
4.111789170554441,3.79875325497562,8.70905700641915,1.143195794577215,14.644778100608292,2
5.530265222290021,3.5925466163954747,9.936562069669728,-1.428920331227311,15.509323888238026,2
8.964757040630117,5.245451879355849,11.782094723002745,0.3115671187492602,15.350478688429067,2
5.559419868216844,4.73764488909063,8.901701771173885,-1.0143122173909886,14.856580256930016,2
4.540965373344807,5.7195929150946885,8.201191491867144,0.3294552563564027,14.420386682595392,2
5.5233662966941335,3.963998248442397,9.438456172653314,-1.6650465351386023,14.02231295891237,2
5.143513148170955,6.1011902463430525,9.644962263064668,1.4648209242340893,15.490217423982326,2
6.351520776810887,3.1687937957823387,8.352542381296416,2.1234437713430765,14.735667652624748,2
7.511651855930225,6.445386665916711,10.16658655275772,1.9190684471676909,14.96043692025507,2
3.929975736739217,5.950492666478917,10.87742054144068,-0.627239956063954,15.55840131786796,2
6.101141002887514,3.8292251390675576,9.107783513247234,-1.6558095134760862,13.952920842685833,2
3.194504132860124,3.9087181119608863,9.5398140607547,-0.5367929577161932,15.546691749402838,2
4.269568232991552,4.755565499483509,9.466535341658412,-1.2631725990930105,15.08915866919131,2
4.001276741411132,5.530748136947767,8.091360311381099,-0.8210095886617229,14.619947725363549,2
2.562129602688801,4.387919040326075,11.963326081679492,-0.9819399531120802,13.434484888077314,2
8.043720508548692,3.780679099485,10.11986566179036,0.3791622586829117,13.348561279797991,2
5.078532359458678,1.981554316789171,6.685784811119568,-0.2947211871735474,13.937048193771158,2
18.22057929646603,24.52492276570784,5.656742740422497,-4.349835288059476,9.885550511631928,0
21.509589022921503,24.861635543280293,3.8272929253576153,-6.000370326772074,11.569818404570128,0
21.055851382074056,26.514133306814355,7.8027892035607875,-5.835760505172525,10.28656376091584,0
21.97932176720557,23.397845995712736,5.089870068027247,-6.9066376014527,12.046014422574329,0
19.137557729245525,22.760063147133767,5.938572047296444,-5.931719338040405,9.413669815861535,0
21.23502849356858,21.77528331595013,3.897454794405753,-7.055488161540167,8.079059819058674,0
17.819159811276155,27.00405116257372,4.872871106925136,-5.414859303757872,9.33844272497656,0
22.630227518916215,26.41482783608625,7.523344374560948,-4.757243385078622,7.013149914992595,0
22.493753146289805,23.29984040964025,3.92073307803796,-6.9703115637077255,8.848454622297,0
18.234735087583047,25.597346252592203,3.638708336077212,-4.867926278916872,11.29196302221656,0
19.71884982867393,25.200829890981943,6.731259839998318,-4.88062671171955,9.9833983875389,0
20.4745324874767,23.31259667251304,4.296188875081516,-2.7940254244193534,9.831572049714662,0
18.620506324680083,25.388731888161026,6.401886291311265,-1.8747919747274773,11.522857899801334,0
20.559502940671408,25.400973969539645,6.170927025428096,-6.875035598853192,9.283766903703368,0
17.560968122247097,25.529158641674005,5.770024508043646,-6.874440264271184,10.339266318412038,0
18.406370323320147,27.228469796567968,4.716890353658303,-6.715092251637604,8.736250478629287,0
20.8842108929275,23.16603881250016,5.81936978009709,-4.060394057565533,10.74476492761236,0
19.26599474305301,23.84845781582332,5.992394319535851,-5.620876016951778,10.082786502043245,0
18.083544979055382,29.99672199295568,4.340850028892012,-3.897056571673047,7.268665365934171,0
22.44074359657857,25.97555719411744,3.3141771195021725,-6.645288482022174,8.75982340010929,0
21.74884458432215,23.49529314928896,6.538945007127571,-5.018967019039472,9.632197193907434,0
21.6730197644858,26.382728813908496,3.3510486794981063,-6.019153874075434,9.4286883853298,0
18.70048553212933,27.39967014831231,4.305684812031921,-5.846047818300112,9.599945150748846,0
16.162118303125347,20.45513988659557,5.219580703748139,-5.611543257764366,11.019946383884044,0
18.250424668242086,26.65401157624239,4.401477337937264,-6.90097526095254,11.951996214675432,0
18.338497462658665,24.39705427203648,3.2784147422682324,-6.589310516477243,10.484419728356496,0
18.28078104380187,25.2836264421552,4.5738760965413,-3.4183606490237244,9.69378961926233,0
19.5103585233035,26.770591076131765,2.848617697457084,-3.130781058761587,8.69193523493804,0
21.676271548103134,23.334347757234763,4.812968709024791,-4.305196317887615,8.760078559091701,0
19.316244358489644,24.759108519576227,2.332419813561476,-5.352938655939249,12.728521159394576,0
19.684711127583277,23.913736326807243,4.961081150492444,-5.7273666946164274,10.250633944268513,0
20.777026342750045,25.378374912370088,4.5592276584630405,-7.402885018152382,11.04686364459133,0
17.728046351273626,23.00744748149453,7.153065349800116,-4.031797831492395,11.878674952897333,0
18.718377736380827,26.08315842985532,4.589176220138636,-3.772153675767816,10.78559089157829,0
19.70723279810014,25.575297792773853,6.0642204406696685,-5.733888033303169,12.056420894586983,0
22.168519014036928,24.28819624688367,2.6789991617836844,-5.374934634930376,9.137510929556028,0
19.34340999500469,24.400667250128347,5.680203128057406,-3.6875042293885114,8.777961773709027,0
18.02098752776228,24.12047272753244,4.29512576769387,-5.152644507438349,9.439176940616909,0
18.87457640100888,24.99840356975472,5.297543491060682,-7.326253936070676,9.81770334229042,0
16.252017173579624,23.619233143939745,4.6859868792121935,-4.312222296226116,10.065741373932108,0
20.248700606029225,24.091072569701577,3.1430549840047077,-4.693741787192429,10.256163619310692,0
21.52526085067969,24.933660980147707,3.482793322078496,-6.775757447756004,8.380311493893085,0
18.0660728948922,23.350946723024958,6.145752280872556,-2.202318757023792,9.759619775623516,0
20.5651169837171,24.77950813489067,4.216384892749783,-4.4006389154091705,9.449135639828434,0
19.24613067410361,24.86033021491357,3.714272922882129,-5.086155014486321,8.60910658254551,0
18.083552467669826,24.35187346851768,3.282307251490799,-6.001717966673146,11.77571728574206,0
19.82287786227675,25.649512276441552,5.229944994043977,-5.361061204513929,10.989502616071682,0
20.47320860577281,27.966676308860507,5.206576384015577,-2.9409330833290075,12.58245873598854,0
19.989612567724578,25.38911768112956,3.980974754173208,-3.754107471983243,8.901642285551988,0
20.908380606612354,23.600641813779355,4.096477380425794,-5.533960013865331,11.010402261137784,0
24.01960214702952,27.41545635769392,7.9664652574678545,-5.6020952158325,11.236476409755143,0
18.25049531619703,23.575757867639417,1.9490179725746175,-4.908073105980945,11.069253060480646,0
18.858548924831275,22.10235474626613,6.149355865417554,-6.973450397777771,9.411497310350727,0
23.5590094081007,23.421621279598234,5.154152900525966,-4.605676716669973,10.842055522575796,0
21.86228884030738,22.85106596366164,5.5392120958524265,-4.081428135314769,9.280359997535232,0
20.949624138947303,27.3973340391993,5.878654428075087,-4.958209670752662,9.41369356890483,0
21.350842305558903,26.54750598479552,6.050735338801915,-2.467642827472456,10.737073559386063,0
21.23722486908145,26.968947096875688,5.537643342362882,-3.840170995004949,12.033332882721396,0
22.43378140267395,27.16158001812465,4.9010869872069565,-3.79023028067484,10.61198842925195,0
20.40019670170995,26.15521611711621,4.904656001385495,-2.997819939921125,10.364890818509991,0
17.500929504336895,22.644479190030918,7.039274296559807,-5.911498279755122,7.734219791416229,0
22.351664936608937,26.71952790477848,6.25508019726905,-6.8272279212572125,11.190985194594482,0
21.112971932291508,25.765596264088305,2.697912811436339,-5.55382551414756,9.333384374899678,0
18.46970766968984,28.56183230679652,6.287818050702733,-4.123750552862056,9.17458162218064,0
20.20145081189396,25.019586063467752,5.856329986012476,-5.41075830976379,10.281794696067404,0
18.44042697185148,26.020782146879515,3.602865061127804,-6.5893185889149,9.570831331894356,0
19.613021904327315,24.06113180862303,3.723145985141663,-5.717145976928911,8.901091145429254,0
18.22745131312567,25.934001510138057,4.877384572775101,-5.187392604203196,9.663648155450868,0
17.81594703055153,27.269214667717087,5.451688856187546,-4.367323112335142,10.357409504887112,0
22.58563012133407,24.59041869387394,5.072139443432121,-3.038040564642212,10.910493011963707,0
22.61907619422832,23.417923842034845,5.25710644309156,-2.951132216638534,11.611932828762836,0
22.42171175208825,24.12653742793692,5.075462694345599,-4.361769819004944,10.4881562375493,0
21.22291055340993,24.30418798028573,5.732538154292966,-7.675978155402145,11.354193121123304,0
23.542393600794508,26.09894331094573,5.41031429692396,-6.716370789555625,9.49403378013515,0
21.000252478976616,26.508848463878262,4.575672726713648,-3.90448909992764,11.819597589740576,0
17.59017730256016,23.920509661258123,6.660763928493164,-6.620861241861753,8.866399886394792,0
20.46114761499934,21.637980862872663,6.572491960047412,-4.582433498075161,10.135284653084426,0
18.778204474157494,25.6940760807714,4.982354297214314,-5.941328636461441,9.82230350387016,0
19.24259991770396,24.22740205346792,5.4245698860785145,-4.789098957329467,9.91963663676174,0
20.490574233134343,26.102997494850595,3.0170896547783626,-5.889477044604232,9.286011622193774,0
18.975787540933904,24.76574863475397,3.342826350552536,-5.93660836374363,9.441959046029904,0
17.349612844424335,26.06698430242664,7.14380713380254,-5.183581166296724,10.39435197838638,0
20.693322983047253,20.413103109080275,3.790188507467391,-5.23348587332912,7.405639456358013,0
19.643460609716485,26.50769722096396,5.980681452231351,-4.347091191788013,9.698908193593631,0
23.03926387121479,26.269385172898865,5.926578484613489,-3.607043518960143,13.07521474207962,0
18.00115234978602,28.98890549328553,4.087181678929992,-3.7666528922166034,12.549023875726636,0
21.900573799415906,25.725168906267555,5.394731788879252,-4.811799575235419,13.461048363338891,0
22.26494847502184,26.664490842406405,3.813109645348359,-4.070303152333694,10.245094061680506,0
19.176011443095405,25.102821111817,4.892474523980049,-5.776530382020008,10.611548843322142,0
20.904071922868376,25.011689516242924,4.025608513634143,-3.77931544312648,10.009476644868844,0
23.552985383898392,25.56673407260528,7.0402184481771,-4.234206762296656,9.836732272259152,0
16.376422166701737,26.43034978294435,0.5283030762968259,-7.413063216822776,9.193934415176324,0
20.48397951792253,24.80823524222369,3.7765628834358886,-4.965680391699987,10.527547653654464,0
19.569394391259955,25.03638232678355,5.1246644939439605,-5.255281690995629,11.366806343882534,0
15.912635258850656,27.87086476124795,4.030834992473288,-5.5895542792437976,9.702384085800636,0
21.985268071332985,24.325131856679235,4.841979246567131,-6.664636689827328,10.294297084696137,0
19.40826603797349,27.673038491215404,4.838324789723896,-3.480560846352016,11.459396355712247,0
20.30024130410681,23.58435149395396,4.925089005836191,-6.325388831087429,10.286514247187606,0
20.115074063911923,23.33009498916096,2.895021372084194,-5.724240241454653,9.963079968266534,0
18.492321214327045,23.55508196859333,5.905443782498066,-4.412432249900383,9.173188809538898,0
20.60444788371061,25.94644147815081,6.5587988938195005,-4.041528645281405,8.085079416185806,0
19.52587136326732,24.52301868789953,4.95177596404936,-3.763117645367284,11.291536123540872,0
20.909190059409728,27.71412631642761,6.903423960331776,-4.928784485779482,11.45860410473439,0
19.587006872279563,25.212963234282565,6.607697213975781,-2.1536450133376315,9.101495662947778,0
20.67276510002976,25.016371462048745,5.438497378912793,-7.112863273988166,6.053634389412114,0
22.17333546924338,22.912548349170915,3.6183979582914136,-5.972900601081651,9.056342080340253,0
17.884982742392594,25.188813538386626,3.671102314667361,-5.343554947565645,10.990878544886977,0
17.004039265964888,21.075413597968176,5.188029817599449,-4.861823694689614,7.576161304052636,0
20.31744516546865,26.285984188548117,5.668088381599803,-4.034917297371722,9.284235834606903,0
18.591852505754957,23.591362500724426,5.042642243870313,-5.596542229849856,9.996628844846413,0
17.877540540111568,24.9295451555044,5.981710481355552,-4.610360546574786,8.443752085346594,0
20.62495175504139,26.75189602794843,4.040850248119757,-5.447323496543946,10.134052005559903,0
18.841035960759907,24.166116944807072,4.474263154551317,-5.726953084997428,10.06589922275592,0
17.769766689067797,28.54106144297005,3.7223630368355183,-3.5041902657592026,11.230320539976994,0
20.305564290641662,22.380345101623227,4.602224579598379,-5.013136296185054,9.08229801495375,0
21.38637240119718,24.929191901126355,4.101862636244659,-6.16996819799779,9.199249062131535,0
20.447744338759065,24.02502950163803,8.751837558527967,-5.724243147211251,9.734042385910447,0
20.822091415710865,27.024570595823462,5.622147174939274,-5.261396631032558,11.964455157423146,0
20.022198234935857,24.311146121242487,5.245181518402427,-6.974812920010924,11.008164342777658,0
20.63319584104438,24.046549111196025,7.44666708969563,-5.582166341064915,11.266814172637254,0
18.346143142872748,25.48078672849197,4.8740302420207975,-2.932093479542169,8.761217143213766,0
16.983199707095267,24.1144573552915,4.209130322207244,-6.431465017998745,10.265597627739552,0
20.458702793015632,25.843941121194167,5.936253746787118,-6.01736925850275,10.957636859795766,0
20.17977591253295,25.720742047557497,8.626837581961906,-6.368070261050054,10.126239859937558,0
17.912554044079677,21.05584141793297,4.71258018528301,-5.799888384202846,9.623924484617064,0
18.1087791824175,25.90309231212694,2.9576078255965075,-5.647857262458549,10.459760467702262,0
19.628157017948222,24.58173553315007,3.7202310910815415,-5.126110778532762,9.327281044489537,0
21.21824934067313,25.977213353000785,5.067365267995042,-7.3480990995242035,7.946834863702849,0
19.90019184095805,24.77976955929454,4.591644890100904,-4.93280277994457,9.66175410041237,0
16.159963115438035,24.9483933801375,5.850625568528727,-4.350655013930343,8.025079164397221,0
22.25062772208126,23.31887169900658,5.010220117829902,-4.540061025529865,8.533035990682167,0
20.2344803525586,26.12235704068924,4.110930741055444,-3.3906855603041084,10.84892208738212,0
21.702036960823676,26.11870018637606,3.386606012110537,-4.390834347709769,11.925025829539406,0
20.03248720001004,26.951326291628416,6.620498036050366,-3.8356906518130174,11.059227268283555,0
18.654307919055277,23.83404084524617,5.080402967450257,-4.623766244423827,8.930326386624158,0
15.526858199973129,24.331278560217257,2.360839291165251,-3.694425978093209,9.605520763008943,0
19.8852825997856,25.731152855565707,4.260526494521173,-3.063299155627466,7.463070893312036,0
16.319457242238197,24.68915489088236,5.2251188859061415,-5.611632531755418,10.508426974786126,0
22.938139253794088,26.844439107350635,4.675518285747813,-7.9817970500433475,9.95403548421804,0
21.310230481894013,25.302397405718253,5.676532470451736,-5.573955725016676,10.684064025276475,0
17.71312639772543,23.164887222827403,5.297850609923752,-7.223202500490853,8.371091117016379,0
21.23785822141509,22.72579868853681,4.846094696658573,-5.764167751641448,9.824349053521166,0
22.47552463101352,26.04498027068358,4.942616526857452,-5.938669773022603,9.419553784638245,0
19.150171274888805,25.183638795396952,2.9990330245286105,-2.907855683407319,9.68042148312042,0
19.86178832702245,26.39415192103445,4.638447831623592,-5.714823117709386,9.093461113011474,0
19.861461886155304,21.50206803214306,6.931971872685085,-6.706584335771245,11.12915443097601,0
21.453379992348168,24.58241834306501,6.432709566822809,-1.827297895351744,9.20867468343305,0
18.880279360588933,23.84650311736096,6.048650871783934,-4.744808974809392,10.943315190247946,0
20.877410508041244,24.494436980539543,4.280490837210313,-8.768777421777713,11.367910586970243,0
18.49475477013897,25.62166602520173,6.311364928230367,-4.057298582832363,11.428162507817198,0
21.716806306369477,23.140761053582413,6.6821292035466415,-3.341436494153482,8.927162525157035,0
20.501527008958053,23.402768385581805,7.833950796702005,-7.242596581387295,10.286303624865656,0
20.14826119109005,24.191525180593207,4.611391546037197,-7.476476443520839,10.401055270903424,0
16.47542142231812,25.6843278416033,4.914749929166374,-6.068077495960089,9.616609552501172,0
18.90678116530658,25.05977438846692,5.736157593653276,-4.197267088419959,8.835170150193935,0
21.906026942945147,25.298336325154352,5.652997026225084,-3.04812079062743,11.037676010126784,0
21.614097593746767,28.21750821031712,5.260803614109939,-6.6518401159368095,9.423325097951482,0
20.23086080522418,23.37702050352863,5.480202600284682,-5.684559197032556,11.672111579774874,0
19.0455023842592,21.72910145435741,5.44277117518681,-6.132828777771734,8.70065519979502,0
20.1970273738629,24.206916471509142,3.1228433917857825,-5.609195951511877,7.758855535277096,0
17.33250016164738,24.694342681472392,4.549822526365326,-4.962447482561862,12.286132062743008,0
16.757038877935493,20.321270068297125,3.787570686355149,-5.170485987269114,10.573587171364212,0
22.538169141322747,23.289923697681253,4.249292889440437,-4.780427205374813,10.78073057222969,0
20.39604096854873,23.410745394928032,6.241203364683681,-4.847127110927939,8.791793587196173,0
20.465273657624557,23.62197345732603,2.816850106030777,-3.9189632180137854,9.79684739893778,0
17.754894286562216,25.33833007957019,4.4031105883961725,-4.241036715195181,10.995047733152465,0
19.93447444112588,25.103909195686903,6.757072520302344,-3.93890551876836,11.508579084791666,0
19.9165637043123,23.73177236337056,4.923547833926612,-5.062683535158668,9.10814621576418,0
19.82910096459396,23.832897154380365,5.234168011676717,-5.791262674260254,7.202511207754826,0
17.910156595377043,24.04329283252991,4.98537086241734,-3.6627898702051422,9.581087484190933,0
19.48565888729218,23.025556317555026,5.206922157565762,-7.455815722672012,11.072354293646306,0
19.245985807548685,25.119855014690813,6.460043980296696,-7.002475924316061,10.401096245377335,0
19.40922850937384,27.610230641885245,5.758443612138365,-2.07252743568434,9.835934355051512,0
17.049571559182766,23.31750924051033,7.201493161105063,-4.975013658321453,11.658979143093244,0
19.523735115734087,25.82121967177344,4.199102590022301,-4.822742782937579,11.305801247191315,0
17.48801134170415,23.339379346482524,6.327309802831718,-4.478682176010656,10.417247543086864,0
20.137593121248223,27.40262559204257,4.926918904289466,-5.167921988740241,10.109906475566394,0
20.438355728342547,25.983583331272325,5.040459082846713,-3.224224749291486,11.599988784745555,0
20.907988975713486,28.10761313897582,7.547216713690387,-3.719913207883139,10.612959475909593,0
20.513577802327703,27.695096283640765,6.109292354156354,-3.4866692390337897,10.595179275076683,0
20.919110469447403,25.50067591468983,5.684224145147393,-4.845329153465491,12.24811886120725,0
17.011596950064927,25.08696746297811,3.278460998763803,-5.139835931492972,8.193151747518964,0
20.52337046985508,21.883959297733437,6.635128892346585,-5.153413369095032,11.365529490418409,0
20.44633999551339,24.14130893839194,4.447547558088072,-4.790845883383456,8.293588976636439,0
20.105086072179184,22.337330988692152,5.286519030249803,-4.7982331474652575,8.07252038040263,0
20.03881987869849,23.6850848924198,3.903148302563921,-3.9050835035255234,9.534380921249674,0
18.0732618717362,25.48622810360982,5.023918190320508,-5.315960828663636,10.17745391558048,0
20.549202038941168,25.86032298505508,4.972833462109768,-5.878576777395886,7.940865879297336,0
19.216296717906676,20.94717969941816,5.279266773486247,-3.3762451993668594,9.4541990830253,0
20.00576669814948,24.30950532960675,6.051193862621798,-5.476646688776788,9.200964486525145,0
20.11259977159365,27.08105039129181,5.859589292254735,-5.535683790566305,10.979851614716411,0
17.482787745714276,23.855444247470565,3.8525735771269303,-5.173360821415893,10.24318687899065,0
20.83856516603459,24.081057789826,5.56622336866827,-6.846424851076184,10.88682618616252,0
18.007323001080746,24.81358759694146,4.126857095957735,-4.541089471487277,9.592217237183498,0
21.28553189260933,20.69158858251219,6.8187834400456735,-5.873368105543957,10.38802189494646,0
19.08429114226597,24.630620697026195,4.590146231915615,-8.019276855818594,10.309867303488694,0
23.21684443196719,24.148053683798736,4.021630028501246,-7.47285879034221,8.92005880616102,0
18.553176398914157,24.46929472316934,5.148192542299268,-4.802316314947455,7.595345899857061,0
19.16317110483317,25.79536492082652,4.295384442450685,-2.8904587080703004,8.647238541756431,0
18.582468894621925,24.242615675570026,4.258458207349987,-4.2008233273034605,10.339622630868838,0
20.419620737987987,23.128477659393734,5.975471402706147,-5.217997705610744,8.70799917667446,0
24.83330774520493,22.85447658199664,5.509399061996396,-7.1243297363981455,8.242321538977356,0
20.16237530865501,23.867310427147054,4.618462991228345,-5.878537346128748,9.623532191511377,0
19.288523081752714,24.085263130536067,7.475923806798703,-2.972038141147195,9.529774659046902,0
23.34257408919276,21.278161916145496,4.746398919950153,-5.864782954472817,10.962989798244946,0
20.0712577905568,24.07713278177533,2.4797458476948737,-3.5113127147983585,8.418217181625016,0
18.444493080955805,25.63671095076731,5.31055446464789,-6.4802952343131,9.27774342360881,0
21.704447480923,24.395243654792672,5.369846635556296,-7.058503580439281,9.86961856029812,0
19.235247740872115,27.21341392446329,5.264625897787075,-5.33671776181134,13.049344112038348,0
17.615106232904733,25.87514425092728,4.103524322610864,-3.905433091834412,12.5488179687368,0
20.17231725830185,29.62103031777268,3.295533141580408,-5.944969006288369,8.741037152435663,0
16.170008121000023,27.40732568585933,4.395724738873807,-4.965234150411067,11.002388898486815,0
21.22445371844174,26.02168088514189,6.048743446725261,-3.453421964162238,9.359067480445832,0
19.4730275122509,26.82955684217804,3.657416190808452,-4.669154511366723,9.617484281690826,0
18.0510949718795,26.47908792471357,4.88789221971426,-5.209974595778894,13.174658838169552,0
23.23483749765282,24.76996175322965,3.703693911715739,-5.749245024237863,12.002672929031412,0
19.932266578849525,24.01134783889019,3.586498064923588,-4.028327082347991,11.248704154230875,0
19.18222702535943,27.30413568811009,6.135154090489851,-5.424408180530162,10.08479454054229,0
17.864911536275738,23.94708476685052,4.5542895181102265,-5.332603349189609,10.806192579823731,0
22.152407497366177,28.5881224366708,4.226775673673575,-3.4338397691613114,9.741316907282714,0
22.977930290414736,26.511425347680458,7.325506371120998,-4.993580881884944,9.748090317971046,0
19.01047104135564,25.441558114880387,6.120166466833991,-2.131129586218249,12.128676444400838,0
17.77134454599851,25.463600223727468,4.951519247515849,-5.061193136163991,10.652213196921045,0
18.243113076885905,24.980485384179868,4.070608032123862,-5.03798835553698,11.587761290774507,0
20.051376450710887,23.184127524350146,3.3097697317978083,-3.940739224191472,10.343391797492073,0
22.898346660521653,24.57736717713495,5.026631298069959,-5.837020493857345,9.391814307022509,0
20.13508711587186,24.03899183462318,4.143958376617927,-5.249189299821453,11.908688659272933,0
19.057859037819533,23.606732890850637,4.764567875319178,-7.248191753437283,10.03836665726881,0
17.366851963949287,22.88284272935676,6.236003893105876,-5.035151365224446,8.631198452105478,0
20.2152463788258,26.09202856744306,6.3950471317148985,-3.5745071304820346,11.575621317543057,0
23.06484930331583,24.4695673411377,3.81556504670056,-4.175463548533346,9.238642659213747,0
17.793357526263183,25.377344755307117,3.664695148488701,-6.00032831044824,10.272474657675138,0
20.50538414657299,27.623505985914903,5.530238741576888,-6.318431851319774,10.587323732182815,0
22.4321202327162,25.42497370787472,5.883820502877423,-3.0395487152799525,11.300504250403849,0
21.65935431471745,25.28202807201472,5.602412241162542,-5.447983910174608,8.854837555228729,0
22.561854231195447,26.734431200799627,6.945532999222973,-2.868606939992052,10.43787230731188,0
18.712736264697035,24.42750637394032,4.396246672910278,-4.177074678752018,10.369643160849446,0
19.82295184991513,23.71246204954309,5.594950270827103,-2.929797003910384,11.081329947069076,0
20.95590781742886,26.53350763973019,5.348283166853445,-4.913899332666914,10.57739081410089,0
19.165999013907545,21.606071706861524,5.126127320428317,-3.661235026853608,11.680951997437166,0
21.19973139267528,23.618000497795236,1.891034957851964,-6.11338775920354,9.692264803782225,0
18.796195718965524,23.453328526884874,4.810357574635638,-5.8746748824323545,11.666901745001956,0
22.91693920240745,24.290695315910423,5.999111331479238,-6.728638570763928,10.439882800417646,0
23.53245499988572,27.05223286686939,5.172029375965733,-5.982684959766936,10.264765088822475,0
16.655298371887476,22.8521135128688,3.8100313426057406,-3.301674962987683,12.2747230358266,0
21.48480729024152,24.091248884188737,4.486238947154078,-6.961129276608912,9.06690454657286,0
20.474226025974662,21.486754462574027,4.680019111312053,-7.03505480172706,11.992859452203213,0
20.293359964381583,26.0864407050781,3.1258479871145664,-3.844535612975696,11.00881373150861,0
20.161812142732337,24.065471380022878,4.748473218200007,-4.163512569055316,6.925111417193532,0
20.4347028012736,24.863630873121743,5.859048851479737,-3.3878683626575525,10.115555326612702,0
19.58059888027601,20.8581548023718,5.211179304098494,-5.082857526717943,9.740161665361448,0
20.612100399109707,25.150587053026456,6.846176663632471,-5.3577983669122045,11.0156668400044,0
18.430032274359696,25.33339075634085,4.54602798378438,-6.685143664002808,9.954059676753852,0
19.037222130132783,24.11676397593349,4.89962369032162,-6.107083016185399,9.507432795082812,0
19.36189299274918,26.12861981773584,6.814697404618164,-6.204115410908407,9.500835679625965,0
19.980705142886624,25.586937084717576,5.281933542626544,-4.838467048155127,10.679948304674417,0
17.92207635786383,24.459701526791097,7.079554712396949,-4.951763804461223,9.596990172307352,0
19.259305475476108,26.08144873959491,6.769875268392131,-4.11926791196287,10.620272889453176,0
18.516548824580894,24.835652526632018,6.176970409541137,-5.629497157662263,9.972507813105192,0
21.36408256186031,25.007814614240964,7.252081434000089,-3.448965857536943,10.976592850660271,0
23.03182320240377,21.65894239653109,5.608304452569493,-6.348958280706337,9.76255720843993,0
21.98084674360245,27.171580562537432,5.4321957747368685,-2.783380073038551,9.872441684462723,0
19.65368967348965,26.157694032098863,3.3174817341230654,-7.308735701098703,11.723801845215345,0
19.721795265831325,23.581017177953772,4.393686389803351,-4.838661354345608,7.4829683442219,0
21.34077167144526,24.34076287670564,6.491226517485483,-6.247992772956129,9.99818831894106,0
19.35401748348977,21.40333313549403,3.8014492238320297,-4.343834689567503,9.294838642038028,0
21.35784917076387,28.545534987778456,4.166070691644158,-6.368040152453972,9.582665402938554,0
22.961081459748957,23.455071867015707,1.3348274761584853,-4.339973597492277,9.42829623833485,0
18.12232955472861,26.71136088465541,4.580205802602404,-7.69621562265397,9.812137150254008,0
20.530812908565807,26.924326160008533,6.762007362803566,-4.422959667817302,9.77113053657252,0
21.38953459341373,24.417506630191813,5.790964080859763,-3.779121532417264,11.828883765912485,0
19.73533942420556,26.43424559838844,4.162624427028739,-3.537667775115512,10.377984899948547,0
20.99452576261829,24.84946461317529,5.473353203435897,-3.1984325919306764,10.86763550543244,0
19.15444193390804,26.13889812934329,5.212492531512366,-3.7449565506072098,11.743017433711811,0
20.920538952583275,24.835798028694228,7.775313060722523,-3.3643166974864056,10.628287201526147,0
19.90228137320334,27.118459945458,5.614598897400424,-3.815812616190417,10.110424924813524,0
20.29545239608927,30.313944915697505,6.137661307119974,-2.9701432871516924,7.289350731634132,0
20.260919578229824,26.506249300166715,4.060264538278522,-6.690281145127686,10.166908578109128,0
17.43226029993042,27.47410081102526,3.915132881823317,-5.664982029922092,10.372400586331848,0
12.966308952930708,22.89822032375628,2.6256017228812545,-7.934736648422895,9.215779915165086,0
19.51408344180335,25.51800983991234,5.508529050047834,-3.849140173862536,8.364638583320223,0
18.28320476308404,24.26810048491637,6.161831972036638,-4.715404583844344,11.662444225013829,0
20.912332636870502,25.064076555322966,4.98725411821246,-3.535284201659003,11.096818453496544,0
17.556584041229186,22.972044164672837,3.5976674237765045,-6.211163748265991,11.042337505756898,0
21.735070367961512,24.972066020035477,5.404884942731108,-4.7202408495978325,10.28206266299002,0
19.54298231888888,24.818030435778013,3.0242034072315063,-3.899478160990891,11.066077378497054,0
18.15546356074764,24.23346683287268,4.5927723439955885,-3.545004040279495,11.12714545705986,0
17.42050562775843,23.849784656030597,6.549587951685564,-6.646355041055789,9.347976120507022,0
18.317126966260176,24.421056519044708,4.269696611301011,-6.10166230794059,10.04396440521607,0
21.01210691665105,25.810464555727776,8.667807705170501,-1.69651997831745,9.06345421216984,0
19.554433710473734,22.71475214130449,2.9410400343857663,-4.093972986954981,8.548711944763664,0
18.928528416898533,21.722560549979782,3.909749345560401,-3.8765194487568304,8.458773867262394,0
20.14344910251969,26.58363524566392,6.532445879990601,-5.527164131493462,11.727857211097149,0
20.61261908251459,24.77844007581927,7.349346444271205,-6.199662746514159,10.515609048075715,0
21.986528096774936,27.148945893766363,4.696255378237644,-1.4298305275868706,11.76700325841326,0
21.18379632252043,23.19332051154412,5.244071290059186,-3.696492363032422,10.444551785726045,0
21.40316427181572,23.392226344240648,4.219234879199955,-5.217939087992953,7.8015967905015025,0
20.954707482337927,26.24508981883848,5.820844180790122,-6.382328473636642,12.990998436038607,0
18.880641649127544,22.4557696402044,4.9471165041216985,-5.466554933428358,8.598075491782545,0
19.96670617048356,24.356752333771123,5.904093493366859,-3.444476743878924,10.134787472838182,0
13.58595134873933,13.854450798005775,-5.259603184013465,6.644317939591166,-8.566106614033998,1
11.1127268309807,12.437969439951146,-4.258785495607951,5.72729137263774,-8.006010925565835,1
8.025910977008673,12.782161179853674,-3.52440615416441,4.644847642945971,-10.314797085344075,1
9.232093239009712,16.638577940769245,-0.7445668688366505,6.3620626711697374,-8.498089674043241,1
9.513477828328693,16.437559495332046,-4.679245532060103,3.09454629952448,-7.525684038390693,1
10.206852038921262,14.47056308640006,-5.301273269749423,4.825837587320935,-10.96381426382592,1
13.299112717875431,12.78708267183723,-4.477282117861599,5.180533586845123,-12.176575834846492,1
9.51379714232776,15.728253657723938,-4.328436463560342,4.345741283068978,-10.94686179059183,1
8.992637562940605,15.52338049833178,-4.711269655143352,5.951878191567021,-9.40599969377946,1
11.253022912838212,11.698406645268092,-5.854085494926957,7.095952262456519,-10.276999219809763,1
11.759306289477886,14.249511281797927,-4.008998346868558,7.120157673896424,-11.691526739992211,1
11.181104678166408,14.354850587673385,-4.058706560026258,4.357294726319632,-11.57220075630321,1
9.858848305216156,15.240292884275126,-4.123616734462654,3.15387412604758,-9.89911849892244,1
7.977542636576849,13.874475759856598,-6.4088437338230095,5.823502942596369,-9.789718449530913,1
10.586460664618818,12.037113205904376,-7.243676544449368,4.888307418084523,-8.439658633371781,1
7.394080608692402,16.556832298880657,-6.198066925365078,4.169657098342245,-9.437700583000645,1
7.519948114243515,15.29733096054964,-2.2387982093818333,5.073765598798717,-9.374953135033818,1
9.29652442448124,15.629593533444195,-5.087651933547607,4.098158709644896,-12.852212615495487,1
11.609773363556508,11.98800961036047,-5.539310967950799,4.652587671838825,-9.700383140120437,1
7.571537874157461,15.816042146514652,-6.308154131911506,5.117989384797398,-10.271507256291924,1
10.928902745855652,13.983219177637524,-7.899850070746254,3.976816419076095,-9.918336565759578,1
11.300001218489871,16.53900444383659,-4.768354496592649,2.6645952862789963,-9.261137184571307,1
11.06626894497281,13.716207403787369,-3.806988141607935,5.514283031985517,-11.574336688669495,1
9.92110869630981,15.710002251475984,-4.954088204843111,7.323625737787205,-8.87967006725933,1
11.166107080119705,15.134285643283333,-4.890460984068315,4.635380853406762,-10.859866235510005,1
11.382385709275354,18.12833045081145,-5.151899225420245,3.745357847950969,-10.601934705215632,1
10.208156792163768,14.49472950050518,-4.041026860321409,6.152056888875831,-7.276359975495755,1
8.489747635389678,14.213780030215418,-4.770364595253252,5.193270299806633,-8.501381766288919,1
10.747863307098411,18.00558240300555,-3.1863250484256245,5.065090625088854,-10.605890149147578,1
9.965461264476328,15.739541872618885,-3.561843584091092,4.139454983891391,-9.223336745809911,1
8.514378535244367,14.930206294949496,-1.2263108145073498,4.767122558735826,-7.798814719512338,1
13.581895525943445,14.604813468902217,-5.192163867212617,5.938473095206279,-9.37386836255393,1
9.994685450127198,13.320573765863008,-4.203241305238415,3.91718023316886,-10.171094871089789,1
12.46789231148128,13.294861636077142,-4.806444756152987,4.840058546209725,-10.633057138653191,1
10.537738097372898,12.69867682681906,-4.314332457943973,4.887990778085587,-8.177091850906208,1
12.453954444391316,15.605305931369902,-4.187474525308878,6.114489398109416,-9.140053264159862,1
7.998132433360449,14.986707620798612,-3.820690800691744,4.321906943114522,-8.980956181425894,1
9.997311972046228,18.58184129692307,-6.000149210105181,6.486270503518609,-9.98278138323039,1
10.341510919577262,14.283622755257346,-7.318265632314679,2.339156185794651,-11.773407687226626,1
10.824032359127475,11.445383413050362,-3.2824134885776988,6.65016609279071,-9.76704575470354,1
9.995391855991494,14.86657564981449,-6.167180576120793,4.150026882985156,-8.39450020159196,1
12.051153901836942,15.51055062796892,-6.021986896730189,5.486648035119387,-10.043622434909016,1
10.695512311466482,18.540258389540053,-7.075261011765118,5.148576920410726,-9.522391821300076,1
9.01213783867916,18.519111586587183,-2.989176212059156,5.335362187579391,-10.230488354305216,1
11.118614093234909,13.741412303671613,-7.456374167496689,5.1910919249061935,-10.580487392068846,1
12.60095778408905,15.255755694834384,-6.279887839797759,4.811163085450135,-10.392999193265007,1
12.94182909692966,16.052912086970945,-3.51594476524311,4.499242702114271,-7.083289508724552,1
8.45508686525056,14.000468182445465,-4.558246396908535,6.608129544038087,-9.13104380665938,1
7.194866780768859,11.721934856956649,-5.705727697336739,5.908186176859571,-7.466657859818854,1
8.72169399730181,14.810302448709432,-4.354851716974969,3.162129930841812,-8.347349754356088,1
9.544057166752042,15.895998811187471,-6.59124657820157,5.270221395872509,-9.247886666635171,1
10.779154328294428,16.24087031618663,-4.605463406883913,7.087235925512139,-8.770065549923414,1
10.357697212019506,14.650494415407469,-4.882741071969411,6.45325963743451,-8.439806034868074,1
8.487422772811131,18.135053750677777,-4.243460726907813,5.4297811773277695,-9.184643206660295,1
11.67601649776016,15.833304668345646,-5.691876318562209,3.8054164785816704,-9.664093410175044,1
7.315038069333197,15.63242299023774,-6.032558272300384,5.317207272730958,-9.70003620033508,1
10.84562178318316,12.92329905422156,-3.012420413828888,4.59757455181081,-7.318284891097784,1
8.289725715949674,16.827991882713327,-4.11173475850071,4.252733048784114,-9.977818028018918,1
11.295800146142742,19.321738735597947,-4.769101290211724,2.765322382198478,-9.854421273300304,1
8.873060708839589,11.85239263874986,-4.539198125636007,6.699857227668835,-11.160725182619345,1
10.081619280699014,16.475468228606307,-4.146705349916355,5.743824381522607,-11.569200473712948,1
8.999922847485468,16.117624380828545,-6.822668639141031,5.0581415393402365,-8.033716167704828,1
11.191389307755978,13.766812089771944,-6.8707645724920265,3.78077746278568,-12.714185997173608,1
9.49939751537474,15.837338921483983,-4.945232214853198,8.135850870774988,-8.813736087041997,1
10.19995538676082,15.786763672908258,-3.060989257015116,6.832685604432578,-9.042070960477153,1
8.805811344406461,15.352672579107177,-3.806600707590311,5.7876603512763305,-10.882738344834936,1
10.931388686331536,18.559873314452343,-6.264143358929017,5.723798685073684,-10.804043609464005,1
12.85796342848473,15.173226364664496,-4.537351809292884,7.4026345740068304,-10.493443527146631,1
9.659316648704168,15.625928896962115,-4.346398130488227,4.491393308179756,-7.467329425479187,1
9.067601573236718,17.84811381592592,-6.919071451534892,3.957288737287355,-9.858059478097344,1
11.132903196858612,14.769739695140537,-5.202034066174495,4.290080451716943,-10.194451593330884,1
9.785020506445155,13.762158789807762,-2.892263570529055,4.966341443958381,-7.757266067951871,1
12.024562451491986,14.240980140248857,-1.021820662524644,4.821860713722006,-10.417739303567814,1
8.399490169096314,17.933345820989192,-5.101260098954948,4.686985370056028,-9.184961358048986,1
12.447710427429818,16.513376307102128,-6.65341824894641,2.9407206125379792,-8.632635741563034,1
11.4496112589003,13.621363510857778,-3.9882539966631727,4.949140349122295,-8.885900969952582,1
6.669771818793238,16.845188594760867,-6.794667361012598,5.935190055963959,-8.6971663008733,1
11.765301627797967,15.319503601252167,-5.110070283916841,5.419736408583176,-9.426451065684727,1
12.38821479276378,14.340234479616557,-4.655915448154133,7.507267428464574,-11.246014932721234,1
12.427122256435954,13.718374884849132,-8.29661573628416,4.834041276723758,-8.889242440236435,1
8.860597333347632,15.17886366487722,-5.584009633443375,5.288479005351017,-10.19721434310932,1
12.086189601147224,11.869632479564448,-5.770389648287621,7.766941584473752,-11.751239814178048,1
11.4683076399006,15.126964718783098,-6.292388879023691,3.4962314351069037,-12.29735270304488,1
8.998983315747255,13.790256015228309,-4.893656422696119,4.089822195334353,-11.305746960281862,1
11.2145514916233,14.199852131238051,-5.406702204332259,3.1079420943232146,-9.43662256462983,1
8.96329254755232,16.83516227561416,-7.092257573238063,5.506454168533671,-10.522350108273656,1
8.077637642530298,14.934327335710238,-6.7207593612913605,7.217001980695308,-11.004180312270371,1
7.557472534732982,14.864232706976058,-3.235796512243369,5.364050054546678,-10.260731307067632,1
10.978121161249938,16.203276247302114,-5.8391059936748135,6.02791568033245,-8.664048396114044,1
11.112923076153132,13.323186863361022,-3.764322017985127,5.046460533554315,-10.06791726428859,1
11.77334886600515,14.874336620354129,-3.2577863142762995,1.742290543179246,-9.7324773830174,1
6.565138157207895,15.93308221524781,-5.126390410282837,3.451799404957682,-8.611280885405618,1
6.611529843753914,15.389423820090292,-7.058384803029778,5.079214480034919,-8.436512067921088,1
11.84599145032897,13.779566696561693,-4.568382293442887,4.883219393958481,-10.933462020658183,1
9.871092668127384,14.67718417954018,-4.238782662908115,3.9483185662614586,-10.939501653763488,1
10.291025944539948,12.230395839592571,-4.299995035660077,8.03381890976501,-8.13246819648055,1
12.80072383506389,16.787499652398406,-2.7183819700087386,3.961861112082415,-9.749516083448992,1
9.129913887211202,12.690737132377713,-5.90923190228534,2.937336088296207,-10.93250707556737,1
10.481057004437982,15.051897272295347,-5.143102722437692,5.289811272179346,-11.196670985717484,1
6.9077002498843925,16.337383664291913,-5.2997718082337695,4.175158202381248,-9.385547111129108,1
9.2914335554497,16.890695152457855,-4.586124200407967,4.135612516485839,-9.487894624506842,1
11.514080106925,13.02506427153162,-5.385978597280406,4.8957912080341695,-9.646487394767105,1
9.197604956043914,17.763536162777275,-5.246430776343366,4.008629908732958,-12.857703452584143,1
10.987712111060915,16.1790865417959,-5.395295098518172,2.545621118658655,-8.097577852137592,1
12.172459801563155,17.727857427817817,-3.24653214133292,4.917245634488705,-7.443494671513646,1
11.554003901601256,14.12075276904763,-5.817510570523397,2.795891671910344,-13.36797526276217,1
5.804580076430434,15.191330614690488,-5.637890042726332,6.792767967538671,-11.359304430719972,1
7.257016953639416,15.842272970858623,-4.500719255424139,4.815366141122684,-8.898269686669266,1
7.953942305257023,14.470484777495914,-6.433888902776893,5.880619660084301,-12.00783970190772,1
8.978194924921477,15.094435901875045,-6.335028300792539,4.039015106942905,-12.024593707132585,1
13.302104849657232,15.988638707971656,-5.6346366449994445,3.487244227781785,-7.241056551129537,1
9.534969142627803,14.086948356858416,-5.286968828756968,3.53225611914449,-9.72251897347377,1
10.197319737859852,15.545673229199188,-3.0243776655309524,7.167755665602385,-7.542648915118235,1
10.02140887150697,15.486086559461857,-6.583728414660332,5.599493915667534,-10.783809747093672,1
9.37102138541518,13.258636475599088,-6.136407822494826,3.6522695301109818,-9.579400521265972,1
10.073985857960844,15.53413970060133,-3.099111530003634,3.78656278485332,-10.02243759850441,1
6.318143169288535,16.76013921363075,-7.17959511057866,3.55190380872539,-11.890327115262512,1
12.415446315607811,13.90865105283278,-4.273225420673172,5.515119853569089,-8.372471746261358,1
8.154353903833902,16.607717156365865,-7.144674874467825,4.844099698528215,-13.2081491304264,1
10.008610982444464,17.657756163939066,-5.616155782396104,4.095051973304896,-9.981626771787356,1
12.148999807845716,15.699002054206485,-6.866058275393306,5.15846063523877,-11.98690768920603,1
11.50832476381268,14.959621625593323,-4.764349847161858,3.906412761267781,-12.32233869650262,1
9.888866561760278,15.075005299319972,-5.22872556817552,5.93101110172099,-9.679309430413197,1
10.361848129143372,17.069219173309325,-4.918296342003948,6.173004137199365,-8.698968181280009,1
10.573179869499878,12.73225487697654,-3.4188343533510746,8.26200673767266,-9.631651286226331,1
11.603997336588332,14.630729394485494,-4.234246375074399,3.7866756279328655,-12.283430041975652,1
10.077805216746109,16.416936725362813,-4.850803657463371,5.572757156408468,-9.0612065522936,1
10.027103623425408,15.863107946714564,-5.167534537367129,5.239440102635749,-10.4850804897702,1
10.54056914279546,14.03252607242078,-3.672484893439067,4.61947171532699,-9.240429372463868,1
11.443790243809152,13.556977714501851,-5.828109114644677,4.899651365000106,-9.498712158632298,1
8.802788390704587,15.025974355964763,-5.347494862994614,4.710399651583908,-11.062443374080033,1
8.851459098911633,15.127708349562807,-3.181371618975433,8.260091163917846,-9.037328471621414,1
11.22831147451186,15.738296987660304,-5.302163775283155,6.278402649956972,-10.500695700554015,1
10.856886295076194,13.114285258836096,-6.087714511533898,5.420434468550012,-11.006996974698692,1
7.954664874453488,15.020703963482568,-4.828082152159444,5.411613949829402,-7.948009975275459,1
10.25016133664964,15.11251027583426,-5.6117864021214645,5.247894720553042,-8.586467005766476,1
12.135221550539224,14.46171403189488,-5.7968368435682365,6.12813631022784,-9.408684000818434,1
9.18441251117041,11.869412649512308,-7.6859027526007715,5.357145374778004,-8.872953165232387,1
9.225520847848006,15.627488473209752,-7.646534414941968,5.626480066246869,-9.804798407742563,1
11.369892753083285,15.400970050607132,-5.532815531817059,4.887561873589822,-9.309110682443634,1
6.818233968992308,14.329671733395648,-4.412837148255546,4.851058613519892,-9.769281959568255,1
10.667382393467822,16.454980271700922,-6.383028948905878,4.483465961621184,-10.444228181207787,1
12.136970174223949,14.620886104410944,-3.282647192777921,5.74321806322454,-13.318717701569168,1
7.676299006397132,12.525501289378957,-9.48477088354894,4.075859360232322,-11.565365879204313,1
6.153528576791753,13.483082835879856,-3.1371024827712946,4.420535741589553,-10.107877231781302,1
8.903676386103744,14.919483945990317,-5.3836620310243255,1.6033272304332766,-10.99190383881013,1
9.208473197723546,16.2164416633805,-2.4822081135040337,6.509822435729908,-8.52166584142715,1
10.518078877027843,14.884990106011951,-4.097404401887131,3.498891340220694,-9.887357747757305,1
10.579394271857584,13.594228560891796,-5.648487228555693,4.004616755463919,-9.885954961758422,1
12.994632234722667,16.840631276706024,-4.435306893606364,3.583928281950943,-8.32538160663733,1
10.615701021412589,14.264450364830466,-6.19003530832984,3.758718044138679,-11.255294342169384,1
12.876938900880168,13.434028117782823,-7.4552594773921665,4.652246900266506,-11.707071234493563,1
9.691715231873346,15.242937947544572,-4.657327483365255,5.713288687663031,-8.552113135986293,1
11.564394578531276,16.4380073074727,-6.0982274900937234,3.955455412570915,-10.075328016914478,1
8.961503103769072,15.838653751841129,-3.086107802926284,2.9360027050885456,-9.379792215257272,1
10.094943103319563,16.51808738706819,-1.172592360639373,4.710400645345481,-11.291357028747337,1
9.724981889039777,14.67027936121953,-3.004729021627057,5.679091283836744,-10.741807100866192,1
10.048923460303872,14.03011047552764,-4.5633752412088,6.99132016014636,-9.791666171800044,1
9.688564960217384,16.144453176217596,-4.855360420361476,4.685411698764708,-10.283089041511811,1
10.32047741012389,14.490601052222878,-4.3553616565075925,3.619397040683881,-10.954375223067146,1
12.951714465156163,14.287088729111716,-2.614985088520395,4.8069759815553015,-9.22529880856256,1
8.989615657859154,15.081704529894754,-3.4220459363829674,6.756419126720169,-8.069983063365985,1
10.674078637278065,12.843749176597711,-4.228771138299632,4.2433631779831,-9.146874319198842,1
12.388495284743456,12.916947536558212,-4.205323140231732,4.049750314216127,-10.503813072243805,1
10.325889612035247,14.136278713058726,-5.143369636387057,4.432861074315582,-9.650583345540625,1
10.277339216720367,17.964101657609326,-5.553388735537233,5.281134704605575,-8.982976895325779,1
10.589103274608274,15.24904437230242,-4.746140326014015,3.1735678174112456,-11.979130274102191,1
9.061687930469995,13.279251609906012,-5.575353542863727,4.419398889848408,-11.207727482369508,1
11.018464815088649,15.503473446645645,-4.98741343314363,6.13250129646825,-12.909679563762555,1
7.9341322468106785,14.391741958203854,-4.899574518388862,3.4439094924720384,-9.014677235267632,1
10.127132087876774,14.169360329254475,-5.984135719643618,3.9335599156762657,-12.059819682637666,1
11.421698347156523,16.24881425367008,-4.248138987835889,4.325769989471802,-11.248702866054032,1
11.233024970172057,15.119475074763072,-4.290038576701059,4.606326607625068,-10.289201597697204,1
10.969850830883011,14.723327230359056,-7.235450658378507,5.623904657879503,-11.537023450370992,1
10.694290858043114,12.42915105578524,-2.902233921718242,4.616587942639044,-10.95719970136539,1
7.218528049141851,15.293554227130276,-4.89450576971478,4.080537142687308,-11.27943854406694,1
8.645864593349675,14.32669387322836,-2.560618071674497,5.422013306276941,-9.536336080442476,1
11.39761807514153,17.889074144007754,-3.6008146531245018,5.800768241221619,-10.021115062940927,1
7.743098629398336,14.567983763936386,-3.2699599840075213,4.305818850405197,-11.065760980827,1
7.820663214091379,15.240306336872436,-6.993980372612933,5.063312352515477,-9.76280904499675,1
10.746775906773518,15.341763211994776,-6.378176905216272,5.971171084886687,-12.87770122495194,1
9.005377935263175,12.728031409988514,-4.603782067924234,5.062635668402041,-8.16383677617402,1
11.549991791336646,13.076483363184042,-5.49420437472659,3.0635617639782176,-11.48996431092278,1
10.69826993260346,15.314823847523575,-6.115419681294334,4.953772615393105,-9.3937901448705,1
6.946728526818005,16.511706747784448,-3.7197578503233,4.043627748510235,-10.780850844363886,1
9.156579366024625,13.725838229665634,-5.424081958666799,4.835721874390508,-11.653681082681048,1
8.278546008316571,14.772718391417865,-7.433168936441975,4.802227805633295,-9.518308076798473,1
7.924793034515552,13.510026086754062,-4.043145642790181,4.595549753513215,-8.97411166278684,1
7.373228649388089,13.581723168650417,-3.612939432985224,4.188179350188561,-11.75668737821837,1
8.546915335086519,15.382655654759082,-5.441373178029572,3.161362489225068,-9.83295818877768,1
11.058954085960176,17.19917718655546,-7.074611399286011,3.425548459761944,-10.610274860019604,1
11.133380262569531,14.492283406161292,-5.40601893856048,5.714532266722712,-8.917931477820089,1
9.406040754356995,12.322799330674473,-6.680789625655594,4.763876125499951,-9.10630609143929,1
9.383304944216873,14.976603363928035,-4.6047917247833405,7.6316321380783165,-6.88465990178823,1
11.612361056628188,15.827315230503174,-4.764338036973259,5.303250309421256,-10.471171218604956,1
9.996896600339412,15.141686877430262,-7.086706625997497,3.360436215152988,-9.946881601939236,1
7.278579548499487,16.102814531048114,-8.804412992009405,3.44287819262242,-12.906823535716466,1
12.536798951774095,11.946200494071384,-5.862642133524863,5.357679019903482,-7.931591436852872,1
12.339760233301227,12.383311467891724,-2.7284319727353106,4.106019027556799,-7.689000425206638,1
12.432284038956196,17.235552711257295,-4.368569320120823,5.81869946373261,-8.313314421918557,1
11.341350591557047,13.799634023011794,-5.093678764237225,3.803445202199932,-9.313400643579993,1
11.472905167295645,18.124147446426218,-2.3390700843071826,5.565667451231969,-10.306954091665016,1
11.120456393342206,16.01481198627258,-3.128794797487481,5.296424142051142,-9.176985426597012,1
11.146194602957005,14.963383799639994,-5.106957819037168,4.596112883637541,-11.20687998905763,1
8.65216229361772,18.146611068316474,-2.438014059017643,4.64214140093444,-7.100311348048008,1
11.563447053478198,15.696404729220422,-5.322934643913937,6.414437595019709,-8.567611683407618,1
9.046097396541166,16.328965479918367,-0.942371530161248,3.6269487134548895,-11.750296635286086,1
8.378633178408853,15.371556993532195,-4.974638838251247,4.133594802893779,-9.303956685741811,1
8.610272872749343,14.127988633699614,-4.081011082846569,6.765140448573337,-8.771550503381158,1
10.524814141615725,14.996981545832323,-8.49362351402839,4.362809054554561,-12.265557509109454,1
10.981305103815494,13.946939211393468,-5.588793618764013,3.9143731233462806,-9.976462907905992,1
8.864867806806576,14.090351588079848,-7.000129590559757,4.812634527398536,-9.049111726901666,1
8.797726644619797,15.06260729485301,-4.199468228432821,4.224426129772553,-8.418284085431301,1
10.110885545582702,14.25575629781162,-4.869867863098998,5.901735541826783,-11.998311098508095,1
9.56196191081983,15.632527441142305,-2.718444543929444,4.948190072878365,-8.81254770097932,1
9.5412179216233,14.584308522196276,-2.308225995665555,5.363518142799909,-8.90867214844236,1
9.567414176712417,17.066558284357267,-5.361365157870297,5.091884294968524,-13.475156861153554,1
9.920098442702322,14.0219896702761,-6.298744906981408,4.91411885778474,-8.731091049425517,1
9.873176987663603,12.615791417359532,-6.137479467210307,6.7867084695623365,-10.347843553479883,1
10.42211568814013,12.995933019950227,-4.689412194098078,5.563796307211785,-10.030506155926828,1
13.205643087096115,14.64426261926101,-6.500462071013807,4.891289634168708,-10.494832180880364,1
10.277250594675346,16.110599581525037,-6.1804308366291885,4.567755499848573,-11.173417099710154,1
9.12203362332641,17.818790289628094,-5.460532595119567,5.462065137211219,-12.94920993812577,1
10.068468470256157,13.776118591135695,-2.366065339780465,4.6098001329093306,-8.94818596184858,1
11.15702843382133,14.893776886503302,-6.1234690099819495,5.122826683790821,-10.744660015593864,1
12.202549651290202,15.528735118983844,-6.166040277935313,6.100213379027772,-12.98223960837854,1
11.05789184584896,15.28936517178075,-6.930903258986271,4.797288213672943,-9.437595737820637,1
10.929842527009663,14.864601319249774,-5.884604723121838,5.167930708886193,-9.42032728445915,1
8.069216493815345,13.993923154467003,-6.443904663341394,3.185687354109004,-9.107857319360368,1
12.472393576989653,11.510360336176513,-4.888708374069183,5.81284174769664,-11.338583075040448,1
8.656413948649245,13.985070289418928,-5.516223450544128,5.942283553543301,-11.122950943231618,1
9.372996821451457,13.97928074016622,-4.440277175991631,5.21094619659615,-10.411805105658912,1
8.814430613264143,14.083092790389053,-3.819809149657762,4.210288350349983,-11.559490118539795,1
9.712596355749351,16.101214739280852,-5.038624196124848,4.360826614774148,-8.325863479354718,1
11.484606296228582,12.99514296744556,-3.758342794869601,5.124252375272556,-11.106414355877702,1
10.217570685025548,15.888238746746527,-6.394929750867694,4.82184883422172,-8.036838169895905,1
9.75166101346108,15.29687641488253,-3.316746766181862,4.594153520419294,-9.817518750053924,1
6.993746922718964,12.800666577042922,-5.492913863943516,5.164212504281565,-9.644498120164132,1
8.958251030617108,14.81415346485715,-4.6922968413632224,1.1685696402127816,-12.479872164271038,1
7.941131121581905,12.447982977560828,-2.251675063963023,5.720581988002197,-12.3523253059597,1
10.113251769520671,15.837836136302526,-2.6364900921923944,5.185146452431932,-10.3804155587384,1
9.255323952959774,12.321163161066863,-1.5463773479887744,4.916491805084968,-8.700706464327633,1
10.344357776886865,15.265589625546484,-4.36470144848405,4.295725216212559,-12.63922821806696,1
7.722897601365423,13.319404127453408,-5.62078366613639,3.26130303889442,-8.40368752653715,1
12.550460468716452,11.271459444814496,-6.08951875016789,4.377667247582679,-8.958662295052271,1
7.827642271346905,14.005195177308735,-6.844180608891809,4.875610181758669,-9.70920242716596,1
10.702771857659634,11.35880059317272,-5.317566343741429,4.093093754424572,-8.89644457788002,1
10.4598482957673,12.307115660623616,-6.462310338498301,5.760143330359286,-8.46411668713876,1
11.398363841201398,11.880099759285985,-5.397784585858093,5.917698564333361,-9.36764921363436,1
12.445729577614747,13.9532598338083,-7.7866908091541855,4.505795092444495,-11.43970066655467,1
8.174879500015681,16.01870544271314,-4.7138095703992935,4.664525330722839,-11.028372907850956,1
10.024170583855453,17.347620866627818,-5.792847384034167,3.1229845763861763,-10.517584939245,1
9.21342671279891,16.672212402273335,-5.434736234506092,4.299374414560733,-10.525325487419993,1
8.095911187791925,14.566545909083947,-2.4766295256438946,6.483030915636399,-9.948232408198034,1
10.058622706868318,14.22167731177162,-2.2191158786740357,3.0853291044025184,-9.58187744646026,1
10.363679086257012,15.158400608048304,-3.578439862861424,5.78075132517216,-9.602797208017996,1
9.739338107447791,19.3070749574506,-5.733495828455954,3.3327045736198357,-8.975583630763232,1
10.752436488502116,16.104980968442565,-5.926493592798408,5.885656228693828,-8.71887969032256,1
9.21940920917022,15.672144021383223,-3.1646260879623824,6.756374509303191,-9.483177505309213,1
12.535935488543435,13.971546985173443,-3.72810528336342,4.136854021676882,-11.394522248306291,1
11.902998361657666,15.263386489975112,-3.2988550601571545,4.169747030072335,-8.36617702680537,1
12.642831633661308,13.90079492755656,-5.198178152399365,4.474338572202107,-11.088059737124809,1
11.926688122587512,16.891576817845866,-4.5683153342704585,4.337515084023289,-9.90866956521345,1
10.29618783478738,17.6387858564828,-5.517740364134024,3.905165826108053,-10.272747097513598,1
10.13428277254778,15.222874487758771,-5.464875869754979,3.3882491215131183,-11.727268473954108,1
10.26610783530832,17.285556525575693,-6.568512023422619,4.324874485350877,-8.421075282318194,1
10.542498943593124,17.329543428105193,-5.249578279745707,5.036472555266845,-10.34694116673493,1
11.745764257036653,15.672900561291048,-3.1341745392685256,4.003425880668604,-12.725379158852736,1
9.69105524754922,16.663749208498352,-7.759084219913658,3.5075202030077555,-9.740447997501036,1
9.277690645412733,14.206020754148817,-2.5937045826583214,4.806659523626348,-9.699295696079115,1
11.617114832731744,12.336429029316838,-3.800556796633288,5.616399911019012,-12.347353866371456,1
9.01335519323397,15.725835504850153,-5.262201567189162,5.872865459613351,-9.15177129052185,1
10.9964384140593,16.30222732502065,-5.40893831513871,4.40624565543269,-8.69334172043733,1
7.785720194439364,17.90831467664661,-4.291759120058944,4.554090508994373,-10.200457974723932,1
12.219386445929027,13.322502089756174,-3.71035218519226,6.959984897790788,-10.017856394473224,1
12.247694945108131,18.695758522087218,-5.714752676878402,3.093958028752917,-10.803999625743858,1
9.590186876497208,14.650152366495345,-4.425941202725456,4.63132054682858,-9.062220156352726,1
10.732374453151536,14.792077394640929,-3.186126456869871,6.337018410967747,-9.231040212735744,1
8.434595451221135,15.040296382206904,-5.677957181965129,5.580120122149725,-10.856039895095272,1
12.495349018984935,14.288058828891945,-4.191817935076465,6.97252029972124,-9.00205996402377,1
8.30376688363394,14.217028251999844,-4.945809904442514,5.256048823586188,-8.757412229036262,1
9.133272150441766,16.2209127588557,-4.969711122692821,6.053658131148432,-9.214331790877688,1
9.608470013603425,13.552850509161898,-2.3032755300712253,5.206262129044972,-12.174819813492004,1
8.564466676987335,14.160527201900134,-2.5122198393606268,3.1615779435718223,-8.056442986185205,1
10.207960020984835,18.0615304165398,-6.08597579096754,3.342025791245111,-9.22036297271564,1
10.839077567677185,12.928552209611048,-4.317527568393537,5.127800697581059,-9.465953638583263,1
14.116177622001842,14.964237409326277,-3.3680215334137973,4.460554686010926,-11.262616151988162,1
7.821322646004445,14.632634286990054,-5.3318102805245005,5.478937520145531,-10.044631648396496,1
11.951753258202617,13.090318322484054,-5.883260208626323,3.131724495588541,-9.401351060877952,1
11.80068053599849,15.403763844392127,-5.061834599268633,6.853596524459631,-10.372821848495708,1
11.369260228878538,15.672244593813486,-6.293283021114318,6.075546873376938,-11.104017142057003,1
9.764454980812944,15.85801175168464,-1.939098929692351,5.781310244821508,-10.932493425044331,1
7.559598610327826,14.963384024901492,-7.744841496416104,4.111015275645293,-8.663759707043795,1
10.664817207902622,13.098596221177022,-6.140254015881764,5.58945190362451,-10.60231655627944,1
8.882495881977569,14.902976938935216,-7.699366763923459,5.511728569858736,-10.42130814160713,1
9.439538028077752,16.362761728751092,-4.8042082026540855,5.360167957487373,-12.225996417529062,1
11.09911965094735,13.084570945536829,-4.621885713364993,5.742750759709706,-9.168627762078913,1
11.630968265691097,12.648121524651248,-5.210146806737156,5.849521001571047,-9.133609305327722,1
10.041202392658308,16.27931836110266,-3.578682264693902,5.936172199166613,-10.316376668341494,1
8.407670765210687,17.55704892161595,-4.098118094880325,2.277422643173538,-12.159091688830578,1
