Feature1,Feature2,Cluster
4.73863848974048,5.524504612918444,0
4.636431412087566,4.876240682224248,0
4.676713557878736,4.459225998192802,0
4.699146693885302,5.926139092254469,0
4.569793317358024,4.807722227885088,0
5.085432719063971,4.908008331823661,0
4.722400236653401,5.940578534720295,0
4.489383591434644,5.354178223649677,0
5.814307772785646,4.309949270892554,0
4.618370421728741,4.09755894966774,0
5.246658950440445,5.092418061847437,0
4.580391238388681,4.845393812074393,0
4.73012015984532,4.610847637298844,0
4.741194350481914,5.1118939758194495,0
4.903819517609438,5.150773671166807,0
5.395515973521524,4.54530627260263,0
4.993251387631033,4.47114453552205,0
4.734749426194736,4.71209087967766,0
5.183299123048424,4.530060106836323,0
5.340945744813156,5.923353662868017,0
5.487559866708875,4.926471309248931,0
5.165631715701782,5.48777256356118,0
4.509245674476024,5.231051737131636,0
4.590889658383264,6.04619363784273,0
5.27989522396552,5.540390362777311,0
4.202786170602817,4.700312488523114,0
4.359847800664553,5.4362286641400726,0
5.027862456144347,5.547095759235474,0
4.760412881077355,4.907170511668092,0
4.779977756651508,5.065370288643046,0
5.178507742982523,4.653545202369673,0
4.26070687711008,5.5718770216034645,0
5.46783919657373,5.63577754749708,0
4.444712077267086,5.876135221711811,0
5.144887428448207,6.03770039932272,0
5.169248203747207,4.792356043049599,0
4.459468336200051,5.307967803472132,0
5.4178460560325705,4.435146572671191,0
5.652739403577165,5.010501920816379,0
4.768291153593768,4.767135123214872,0
5.25751763360433,5.256892975456104,0
4.770319550229878,4.575077815267604,0
4.776783192724736,5.097044996449154,0
5.144584321953909,6.227650069955447,0
5.343130095187257,4.193642064405174,0
5.185572936685654,4.698007406642089,0
5.009209189594776,5.8382186561376415,0
4.9065641779193205,4.7801344708629125,0
5.28853606359027,4.898477306978504,0
5.327182828177029,4.972207664544772,0
4.735119898116481,5.256633716556678,0
5.701397155468049,4.29907446860386,0
5.932887255572378,5.236916460455894,0
5.01415918806523,5.014878069747873,0
3.690127447955128,5.410951252187612,0
4.966960100676341,4.394491900118772,0
5.133525132934629,5.444815397811719,0
4.613105400448213,4.377672648344292,0
4.945619925771571,5.200855861049471,0
5.178893680174141,5.280392263184117,0
4.311165316021454,4.531087480042439,0
5.095549534009952,5.023218274078074,0
5.258829510234562,4.637128093423267,0
5.107046872065102,4.377130610644006,0
5.204126377857236,4.14870819788108,0
5.589648592031914,5.033759240705055,0
4.764034067105284,5.544475298483683,0
4.468848143136947,5.23679621531759,0
5.469141902987999,4.741977635891313,0
4.580139078909612,4.700303677277989,0
5.006964645956473,4.987937456444999,0
4.713168996559882,4.726570529379804,0
5.773752600665031,5.897938836547761,0
5.206465727137812,4.718137723598012,0
5.0301151049705135,6.231621056242643,0
4.703803037880565,4.568004615160092,0
4.642348145370016,5.339798874467338,0
4.693605654757807,4.806149220032008,0
4.446832512996986,4.401896687959665,0
5.099529847786736,4.6998915614206025,0
5.273548690585019,4.898903673783053,0
4.634816684141431,5.108229294790988,0
4.686516471106116,5.906224278998464,0
6.094901466608836,4.595850857322424,0
5.288278481527883,5.155625077271768,0
4.5126591648863394,5.393542301871226,0
4.916440959841573,5.073356843216661,0
5.406262911197099,5.678120014285412,0
4.862474151424178,3.849039417632208,0
4.2403150170229935,4.757882963566875,0
5.129861250860741,4.547841687447796,0
5.533337344794577,5.584647795222836,0
5.038684153823809,4.569357899335868,0
4.339883396489679,5.915729382927177,0
4.875517925760463,5.4857854754771775,0
5.597523314462421,4.238406547608113,0
5.142932695362452,5.167228394993512,0
4.789906591452072,4.8591076955697465,0
5.03490104249501,4.80734320156912,0
5.163066511121059,4.374443211807349,0
4.538383376944548,4.324157697191833,0
5.775250246407039,4.5008229796306045,0
5.723488942176866,5.098277388255787,0
4.782751886283842,4.84541393826568,0
4.993876613576543,4.551372814257085,0
5.436160318360339,5.091671002869176,0
5.312833673882503,4.571421221791859,0
5.536815874929886,4.48674235029447,0
5.529212243424794,4.120630256788443,0
4.756196887963753,4.783720906090189,0
4.681130007874342,4.734501522499091,0
3.9662789499800617,4.9554399802436055,0
5.58158187607748,5.0051165305097935,0
4.723175347326409,4.401061053705575,0
4.81951691709046,5.579664901682124,0
5.037902279096863,4.661419144243944,0
5.162083176244221,4.934928472816158,0
5.775575987761261,5.057837317146429,0
4.481376922836772,4.904830660958196,0
4.464553750969444,5.241236207621593,0
5.1972260711891485,4.789507759589869,0
5.514577818662822,5.236298741206522,0
5.816205651965817,4.284929311019684,0
5.7827620146171705,4.967124869463506,0
5.583891030829904,5.127210421650607,0
5.024260813972414,4.584524941794481,0
5.161359280169044,4.586384528223839,0
4.981182648787576,5.551650941008261,0
4.741355774949814,5.70467372009279,0
4.877128467957028,4.863638215126165,0
4.77690828339261,4.055229634527235,0
4.723888477859514,5.316465908877755,0
5.168801331037601,4.794061516938767,0
4.879837300920933,4.812589596225202,0
5.898843263424761,5.320421430633505,0
4.711614334715834,5.377695612912878,0
5.738947022370758,4.740864890863176,0
4.040614392350479,4.986743062275392,0
5.113729967302064,5.653571377141214,0
5.316390933053143,6.1353464289021975,0
5.411585291980957,5.036658983594202,0
4.911526386252976,4.600851377730773,0
4.576603140965798,4.242576387657068,0
5.32510058897933,4.9504120681103085,0
5.236618812286772,4.963585543671564,0
4.5071369768322285,5.252023257758922,0
5.600606961081972,4.795962313489224,0
4.982657556306609,5.11710736626826,0
4.300716213090429,5.281484618345285,0
4.661803848970365,5.900470216455408,0
4.895938874821362,4.753499532670584,0
5.285445255346583,5.567782820090299,0
4.924107452482208,5.2941586032422885,0
5.2649020889576414,5.72078431032895,0
4.517538269709948,5.343025729999219,0
4.550792664325821,5.245959585753253,0
4.6615389998470205,5.305838144420434,0
4.828642741736616,4.59886136538919,0
5.291964092662982,4.82035395460647,0
5.2200072250266665,4.748972887823695,0
5.14653623664934,4.642824290986816,0
4.963994939209833,5.501766448946012,0
4.936041204259617,4.522229779699787,0
4.982505754751519,5.885400317817755,0
5.117807279054283,5.385432596943484,0
5.761562038634828,5.2694550218423295,0
5.7255718038975205,5.479635413042604,0
4.292314628974793,4.78967733861732,0
5.180697802754207,5.769018283232985,0
5.014372411467408,5.639225931303649,0
4.755280278740889,5.522080438534536,0
4.762527344419522,4.673335383713144,0
5.295327415346154,5.554351790291454,0
4.648973453061323,4.836168926701116,0
4.737739866860113,5.244687280613959,0
5.321361379933772,5.664576265066216,0
4.983436513563102,5.897278931758894,0
4.712181086881113,5.061004907322681,0
4.275993049791878,3.900597021689959,0
4.998198730454716,4.420817655403729,0
5.097922627548841,4.510813611192484,0
5.04853877467402,5.484322495266444,0
5.406758608684835,4.384567841783023,0
5.093383382238539,4.622308533823339,0
5.135228412889919,4.974880945275432,0
4.595753198553406,4.749121478207732,0
4.699680655040598,4.854153125103362,0
4.870204324318197,4.248428523440947,0
5.10146151042565,4.242127942501384,0
4.714410505108601,5.28629139067808,0
4.8286562029598254,4.814279567002104,0
5.434802960052831,5.677818929402475,0
4.989549203017926,5.058663691654391,0
5.638832447894212,4.704214305582085,0
4.459471729795869,5.526576426666452,0
4.355019550129473,4.352460613968192,0
5.06014781585595,5.257219417029375,0
4.803945923433921,4.268242525933941,0
4.196258382719386,5.092316929266152,0
3.7641777499363553,4.601552372264762,0
4.877305941998565,4.623131917821255,0
5.066484837073438,4.649939592530413,0
5.3929000793254165,5.2127287808924825,0
4.275957829251338,4.296268112811722,0
5.17087798788858,5.938085419607943,0
4.381524644560959,4.339771693457862,0
5.1713626731888525,5.228376609576892,0
4.757318226085448,5.040937069693161,0
4.942730077373691,5.61890815598673,0
4.558071281899434,5.076862552972764,0
5.732824384460777,4.8871118497567325,0
4.865062532353314,4.510618142108847,0
5.122483285554361,4.746528412314435,0
4.991788551963624,5.594196636724042,0
5.148060138532288,5.130527636089945,0
5.250458593812191,4.511222377600724,0
5.360836032021617,4.435474114391385,0
5.571411407257511,5.375966516343387,0
5.353875967727737,4.718766612052866,0
5.449799937716626,5.153649760438305,0
4.570821109909393,5.350154939704495,0
5.214809109566293,5.103843843581555,0
4.388936095554027,5.356499215086194,0
5.049825682543821,4.7482621729419,0
6.066516687328133,4.023956100238749,0
5.789786072865356,4.738569986423366,0
4.29624415264109,4.611091656204563,0
4.143432735454561,5.676936187082706,0
5.943092950605265,5.087288906415919,0
5.13834539966501,5.413591624518012,0
5.099042380383928,4.927819794038029,0
5.260970782808449,5.148492336616593,0
4.613587392731214,4.881590696629996,0
5.481688064622161,5.206390463468249,0
4.260739004816286,4.640077895802646,0
4.980222423071672,5.340750348686313,0
5.056758672625624,5.331065337260523,0
5.329272136336416,6.005102269383174,0
4.968660451363414,5.477571160250619,0
6.222875989808413,5.064610590987614,0
5.104431797502378,4.0201649380601125,0
4.674678715439087,4.756437308117652,0
3.379366329965464,4.487806179332855,0
5.410241090598682,5.2536370155536485,0
5.541525621587638,5.526901026017452,0
5.316203869527761,5.486277224813365,0
5.086590462925591,5.192658689864419,0
4.540287882883098,5.77496720250877,0
4.774967264260378,5.31142496617375,0
4.9438359751545855,4.889515200233388,0
4.777248739299614,5.726692238558851,0
4.659987639210755,5.116126848580501,0
4.3103403859927365,4.6345349800290405,0
5.049666152714613,5.375693561685894,0
4.727808637737409,5.055461294854933,0
5.155453782799002,5.737678108474776,0
5.006500945938954,5.726767038578658,0
4.587251401603744,4.839307079173503,0
3.6515566785292144,4.972852566741094,0
4.7738468403754615,3.788060336685522,0
5.293428546900135,6.095227812904989,0
3.938052137845097,4.73712248915962,0
5.515922269734317,4.257219813481514,0
4.867671583381022,6.360084583294809,0
4.608373353831881,4.838969241897162,0
4.919357144166995,5.20202542840727,0
5.7930084080726765,4.381092250586575,0
5.691079495518764,5.324354943794821,0
4.604762772277344,5.235734178567998,0
5.125246425172938,5.173224104748488,0
4.650137246003707,5.106989955367111,0
5.720636644533058,4.2820689244102805,0
5.162041984697398,4.807458859791842,0
4.727540456595525,5.199568057176036,0
5.032140009547732,4.461127611035347,0
5.751178526048014,5.037047390209888,0
5.240504615868357,5.111942012139566,0
4.620433669223151,5.075196893238104,0
4.865555654722585,4.446737045629165,0
4.555242785187239,4.592094857517281,0
4.765262807032524,5.271280021792983,0
5.412708174494015,5.406754818000319,0
5.416961077274452,5.2295900396142185,0
5.633455574593311,4.64616526719061,0
4.512063373511333,5.52682089830392,0
5.3070833500217125,5.378753855023652,0
5.035783118609697,4.761171276617442,0
4.585502494538964,4.719909479901515,0
5.284883640116102,5.223854280008657,0
5.112046240905208,5.0062962003908975,0
5.420321774494362,4.673688010348805,0
5.043523534119085,4.850496324767066,0
5.048838049274416,4.613495108072267,0
4.832107650354936,5.834510762644697,0
4.865296582777721,5.358771127897981,0
4.369558022832478,5.458930973527388,0
4.889517913085168,5.013442919497265,0
4.4083707436671125,3.98038391111995,0
4.196776839871214,5.101731817933612,0
5.259673257120586,5.766369456501289,0
5.623042596248815,3.963304883795925,0
4.32007192951004,5.3731267830136105,0
5.355807439044445,4.437678954081066,0
4.990743432003805,4.855670680539931,0
5.048497982496359,5.297578512718457,0
4.681306436346741,5.594508265553776,0
5.843570817536282,5.440819878474725,0
5.589720060360643,4.765412173947648,0
4.438638989218851,5.191204873092025,0
6.263466212936811,4.734565613539839,0
4.643577108661418,5.0532151138459485,0
4.064604039487072,4.8242432579793455,0
4.525300555584028,6.316191032418695,0
5.627878062786761,4.552696348890248,0
5.128014867156938,5.491345491972757,0
4.876411308739701,4.659007876001101,0
4.23723741453763,4.654045965059378,0
4.842365377679827,5.379484610246633,0
5.492161199238292,4.893005577887245,0
4.89115939838639,5.549388425993595,0
4.583822213447886,5.235707778193202,0
5.457701058851037,5.164375554829842,0
4.669106767615806,5.426216667398112,0
5.064052207455394,4.659474171262559,0
5.312059908526077,5.31417275463214,0
4.955132152856387,5.720058607724736,0
4.640777889373782,4.8932764241440765,0
5.477000881746601,5.325695625652899,0
4.603739630783649,4.94263177926655,0
3.980937732411073,4.495956844541298,0
4.504731837434655,4.716851135198614,0
5.796593313319699,4.744392161784408,0
5.248357076505616,4.930867849414407,0
4.5888898022167846,5.121843605745956,0
5.098260584850735,5.354501878794256,0
5.04329489373645,4.92216138230396,0
4.87371592430342,4.376108409017576,0
4.880525976566795,4.546218168979201,0
4.497929616623966,4.616101217447936,0
5.319296229388687,4.16923996886552,0
4.975268145173784,5.337409746083302,0
4.404348251398676,5.328276804316915,0
5.50314640460722,4.711554065238426,0
6.071972044662663,5.316959511159006,0
5.4752119190930255,4.711548172168799,0
4.545987962239394,4.293848149332354,0
5.163463686882081,4.890449735595568,0
5.20671745161185,5.938397906279033,0
5.751699150883575,5.438681145287836,0
5.579055436750034,5.395831346981468,0
4.165297359439315,5.271680096189968,0
4.946484820022721,4.4823788387903125,0
4.496991309250149,4.392905693606134,0
4.964917144270676,4.1695195332420045,0
5.515499761247975,5.465640059558099,0
5.355479984101746,5.22213165574302,0
5.140495933867516,4.688650240089703,0
5.924478047472673,5.563282514773879,0
4.952352233806524,5.13951076288517,0
5.2219097140731146,5.387317026714668,0
5.121900356885599,4.717960684631636,0
5.982362566458194,5.017631775985865,0
4.68759071115216,5.013045525105417,0
4.977206991822251,5.121669724661346,0
4.15376768514259,5.7647751597303065,0
4.879381971071835,5.1760276982571485,0
4.979921024677829,4.284612448940976,0
4.884532734895661,5.348103182406709,0
4.720539076364206,5.188605937532261,0
5.323844269050346,5.761514928204012,0
4.872511391289573,5.751996494291344,0
5.124691841855378,5.788726639881737,0
5.51876997212895,4.744991800572627,0
5.322742090570538,6.08162736165273,0
6.539440404227619,5.559787455717288,0
5.029104359223,4.428514851084689,0
4.137541083743484,4.718856235379514,0
5.435562351715846,4.836988233916079,0
3.959035296058139,5.848228184145019,0
4.743066541331653,4.470393239055524,0
5.369233289997705,5.085684140594985,0
5.045880388267751,4.006215542699554,0
5.411272456051594,4.389578175014488,0
4.242404468900724,5.683437133722262,0
4.688429736787618,4.722261440419873,0
4.67408194609892,5.023699335658207,0
5.882727120140548,5.202490855480478,0
4.996013679341691,5.739972069445013,0
5.012255087129471,5.248999145622725,0
4.079562884334178,4.360211516632149,0
5.083226104106528,5.246225632004075,0
5.415167908272123,4.571958087045567,0
4.208048588257139,5.3802073280721485,0
3.674515095803494,5.545753425961231,0
4.224668284466934,5.034281487403014,0
4.73487119081378,4.603563583868828,0
4.359785323751859,5.877397090992182,0
5.0227859199519065,4.674199826197092,0
4.562190873307621,4.308600134517832,0
5.257523843153024,6.92636574532736,0
4.776742523966489,5.428199397161736,0
5.42882981160101,4.920030735018287,0
5.00255672832123,4.882706433312427,0
5.373646802561631,5.3051851327167325,0
4.335906975550785,5.098430617934562,0
6.280042269134397,4.951970050137675,0
5.009216966532697,5.173790852680836,0
4.148308780322423,4.97222615055169,0
5.789606407753696,5.383717364576454,0
5.090933127529247,5.124110293150168,0
5.111066885816856,4.760625689168261,0
4.769680614520106,5.528561113109458,0
5.340976485647482,4.844866621703272,0
5.322687974792574,5.684315778766174,0
5.462013509603451,4.907548931778505,0
4.499189995052542,4.859449853557023,0
4.983623364892001,4.728287614433118,0
5.088850500466627,4.33232782064495,0
4.221685413238048,5.30300497567282,0
4.232942914632189,5.638838410949255,0
4.888268607337075,5.357000247046046,0
5.180818012523817,4.677440122697438,0
5.603254483254179,4.591532164506382,0
5.002621849859092,5.023490296882371,0
6.149449061809625,4.81858071978017,0
4.536534764210958,4.9702373219691,0
4.982644115147378,4.415660981190234,0
5.1539008844460295,4.144915803671688,0
5.9410122482375165,5.672710023077489,0
4.647828154728621,4.29576935181822,0
4.9820869804450245,5.782321827907003,0
5.40643105941948,5.314814420961806,0
6.0303739624409936,5.877670421221602,0
5.048060388470492,4.768862355647479,0
5.579297789503702,4.5896588408241445,0
4.777853369961944,5.1886502465224265,0
5.139984313159911,4.437255476350812,0
5.414702790591744,3.8944323454960577,0
5.345071995855556,4.799389764057082,0
5.054697397302446,5.362883311949346,0
3.9874287066711966,5.093227157384714,0
5.192032724469653,4.983652625952954,0
5.190098925502982,5.305292872641911,0
4.764480847190838,5.116024968678818,0
5.105508733601309,4.951643444064803,0
5.822483856750642,4.875481980221811,0
5.128775195361382,4.962777042116916,0
4.705317621527894,5.4248010485105125,0
5.252493639490228,5.432877597085061,0
4.6218246273578485,4.288873145201163,0
5.378494308322676,4.538917337911188,0
5.171809144784231,4.118479922318633,0
5.135789418597687,4.361625712089845,0
4.8461108825235,5.10957516383197,0
4.961449145292948,5.170575987408322,0
5.033764102343962,4.287625906893272,0
4.424503211288848,5.187849009172836,0
4.325907288947144,5.371632047011357,0
6.076591228755778,4.616326218555975,0
5.239489912873196,5.166831052643474,0
6.061078098506316,5.5162326302755735,0
4.882923312638332,4.88293152152541,0
5.923318498023833,4.464957616836924,0
5.041141994637712,5.532740187532676,0
4.94217585880588,4.849448152205356,0
4.5051975898707095,4.937106539950176,0
4.516511928435394,4.97614432192901,0
5.310904981108598,4.214887640054772,0
5.166157005989795,4.625756731721723,0
4.374230287904778,5.721882302036629,0
5.104191403973776,3.979132565787855,0
5.120981135783017,4.043359877671101,0
5.574636663142838,4.648411787437056,0
5.46308877376582,5.954708320235065,0
6.157329283336754,4.066367403704126,0
4.958924410803716,5.558647915794063,0
5.411030079997245,5.948396491326974,0
4.493947812369917,4.172571664067116,0
5.296550628984192,4.845226780343005,0
4.990491896048655,4.498735317681096,0
6.286679901624931,5.029609217007244,0
4.186228781058419,5.024042473330691,0
4.466189785308703,4.928810257489353,0
5.832737222231288,5.507185032509065,0
4.890164056081244,5.178556285755874,0
4.327774744482862,4.540674026757901,0
4.347765249747574,5.334836274415019,0
5.05711382433102,5.075150880730939,0
5.129941397124211,5.390911435888655,0
4.668688120527077,5.28529933429658,0
4.493584439832788,5.157123666297637,0
4.9627832854499765,5.310336048775339,0
4.399851796472112,4.832749382079526,0
5.184336654436451,4.80333059383632,0
4.920996050710506,4.78655946502629,0
5.30394825485827,5.093304561578179,0
4.818193893893072,4.971527188139467,0
4.110639875547861,5.748022155744591,0
5.710252123994928,4.714626853125262,0
4.694241098504026,4.296669451575889,0
8.213044754196027,10.984830412950744,1
9.183425913212226,10.1663838845648,1
10.180443447567848,10.771658251088123,1
8.527737023428074,10.693155211394906,1
10.087313077669,8.285544553254066,1
9.411837770301764,7.804727577801822,1
11.067422317133335,8.313036862243196,1
9.097440081655904,12.778417276763406,1
8.787259595660219,9.247364434623195,1
8.740417236728836,9.100911031833968,1
11.546499283743929,11.396920178674298,1
9.099041965121792,9.562459375310084,1
11.244108371775232,6.683297036488172,1
10.507744611241622,9.377068129148798,1
10.498471017969388,8.87727019516517,1
11.186547920564571,8.635918817807891,1
12.798661766717135,10.71074938136768,1
10.01950283781686,12.180301115735976,1
8.979962917632264,10.348380545741506,1
11.624576864762917,11.580703078052355,1
10.148998458143838,11.127080685057685,1
6.942813197233219,8.487870533623894,1
9.648769937914995,9.64879456457623,1
9.00606436158123,10.855898002889738,1
13.229773686267334,8.848978655667926,1
8.811218892350949,9.827895337799651,1
12.467451570251924,9.626445940665432,1
9.115952864583685,11.274403145531537,1
7.4449263409672675,9.916678451655072,1
8.861301007669454,10.225590679714312,1
9.485928225209848,8.796584096167571,1
10.779019771361758,12.299108369503866,1
8.521410930496685,10.756069773276767,1
9.988041038025074,12.21991620833504,1
8.950411738011121,10.320969866101333,1
11.71423422177253,11.12789954903016,1
11.431002645239804,10.977086876958698,1
10.146514147823249,8.8404853242168,1
8.490973927750447,8.178717080818402,1
10.007670184963692,9.64811929993728,1
11.425635757279077,9.134644516506397,1
9.971475688145969,8.496205953043287,1
12.284686115904483,10.808365065526989,1
11.218788733591296,12.034360042856235,1
10.129884681209347,9.76648414691188,1
8.709379952074071,9.423166683655262,1
8.225112231001336,6.941151733359849,1
8.761754204811233,9.51792123752051,1
9.26859066389126,9.351162718270569,1
9.905981354090242,11.432713480751858,1
7.121843177051438,9.960229186826174,1
10.130570602357256,9.5514889743012,1
7.193812118461216,9.472729773938037,1
8.652377992977463,10.73787875725976,1
8.840762178193643,9.644772089889988,1
9.968647609053775,10.175991074963171,1
10.027627568784329,12.514655968412924,1
11.107699869993116,10.257052421784955,1
11.022929456942446,9.534599865109817,1
10.556718810056964,9.09402221992627,1
8.620863648649296,12.324901607526307,1
10.104703127485028,9.42202960470736,1
11.445064193866482,10.619171390404748,1
10.486249528732664,9.804785418448471,1
7.590330519613641,10.305195453800836,1
7.827873487754013,7.888804338435167,1
7.495892078317942,10.815040288569902,1
8.514195512303967,9.150553405595842,1
9.20461357244134,8.810690751606483,1
8.398569355926108,9.78643077246806,1
10.757480918470684,11.298632791255182,1
8.756507483616891,9.159728439704546,1
9.205359694349442,10.769901149670034,1
10.466361348397006,12.213034325424328,1
8.444130768510316,9.714491982874588,1
6.898836849940185,9.866319940730817,1
10.101292307031883,7.862877720679815,1
10.86560819077081,9.69543192093551,1
9.304873460781309,9.301405369644614,1
9.281238643232063,9.721511535004275,1
10.936179725578231,10.94251826389642,1
8.984616999541062,10.9175144332613,1
10.375739275518814,10.519672314245463,1
9.626553777281387,11.457356426431533,1
10.718469738619588,10.500493157930425,1
12.530712452608848,11.322459635424176,1
9.8919848176295,11.505299346838036,1
10.405685238669758,9.924642835826294,1
9.670492168243731,10.53566885726762,1
12.216841067112274,9.22259467258953,1
13.1995500619844,7.071868300716247,1
10.512633963665738,12.814256258823828,1
11.220275826054504,8.153703525349068,1
9.02403614631726,9.269311924352955,1
12.161909933599173,7.846206773230841,1
9.595889748333164,11.076313383693943,1
10.298589543360205,9.099674684261808,1
9.711458552828317,10.452321013500418,1
10.486125954092191,9.422376579375523,1
12.368819223261088,11.151152093729364,1
9.82652757641764,9.548344456616066,1
10.389824191372636,11.172734307665966,1
10.036765261388414,10.746997436868174,1
7.727213406702171,12.050311401166788,1
7.674004853400801,10.102844462209042,1
10.137641164803254,7.018646628098661,1
8.108674068497432,11.376792920582163,1
8.273509633866546,10.563547027518508,1
10.549897369145272,8.590180320508967,1
10.751375781436572,8.533667132802174,1
10.820646071755055,9.69671102134916,1
10.367449856663084,9.239585236943306,1
13.28470439982651,8.787552571967273,1
9.947932345442135,8.246982943570702,1
10.921250050065138,11.136261565070958,1
10.421487801602549,9.06595072026911,1
10.576098173408962,9.95095787785886,1
9.30904184356032,11.585683339328371,1
9.80812361277885,8.566689339099362,1
11.58763673027438,7.361890770365329,1
8.904450052424295,10.32468788437296,1
8.6742138456983,10.230587658918292,1
11.373103176553112,10.493126664489528,1
9.758071432500987,10.606076285221809,1
10.259771388776771,10.577976069593255,1
8.480753319498364,10.47137099889291,1
10.709856436860315,9.89075663101469,1
7.902148639271289,10.844453855035855,1
9.946260941335073,12.346965483721007,1
9.295788421097573,10.813840065378947,1
8.007720926652354,10.295291853803686,1
6.962286120013589,10.279681472154142,1
11.389266321297464,12.864124960705196,1
10.353421837162848,11.15629779083045,1
9.333560109885832,10.565950739567278,1
11.03521598756667,9.398169292171248,1
10.97153280715104,12.284544784612038,1
11.737893368511106,8.768976522472434,1
7.608358511808449,9.10093746556934,1
10.54209340826262,12.307054849698954,1
12.648181360421646,10.607472566441434,1
11.029390285561773,7.580926193215522,1
9.631917825995696,8.869395753463765,1
9.687816624464087,9.26049859801175,1
8.144573933682878,8.019315080373586,1
10.362943407349052,7.130079633013303,1
11.245503724816368,8.7158742611367,1
12.379025224218028,8.143276751759727,1
8.019650189469036,12.74718814878153,1
10.14561632402206,11.452967485799334,1
9.007320302847418,11.278650002194336,1
10.619397181413436,9.154413170794038,1
6.81415641353529,9.211367467478858,1
9.831507925463756,9.668545600700163,1
9.330227571899467,11.284598191485207,1
10.542454037571453,9.032320368092314,1
10.11370683729059,8.984257432731832,1
6.2925332498090665,8.804657116794285,1
10.321140616195306,8.131391831932017,1
10.794706266872923,12.16235293098685,1
11.7371663102501,11.187494040944404,1
12.829278851815795,10.261866719247758,1
7.588775148158159,10.276950787798455,1
8.406544429410843,10.710388645952772,1
10.09034531491154,13.69486316872793,1
10.149477047631462,9.244786518825702,1
10.86483544458365,10.466875231815305,1
9.664805822011225,11.071000741138135,1
8.686572619922863,7.925800403553496,1
9.310958650689631,8.725233445802813,1
9.20424827858421,9.13627263903298,1
9.884347435878844,10.511727962224963,1
9.287582033258566,9.020006151139432,1
10.116052461471428,8.708073698007604,1
10.957888688166062,7.50771990659656,1
8.637963886718184,7.881544447997063,1
9.324901792781134,10.934274898521249,1
8.609604292632875,9.9107119659073,1
7.933495948064364,8.593262440127315,1
8.855111265186224,7.292676849003222,1
11.238124523482044,11.220264454000958,1
7.412623251230451,9.15656870613854,1
11.900366723779934,8.938495801571829,1
5.138098989896391,8.463418537998566,0
11.50943921382166,9.134662195715276,1
7.698828743896566,11.916515232847765,1
9.981629840729628,8.654118442771253,1
9.22919962399496,8.411179717166572,1
9.29210220131585,11.63342589545105,1
8.922333668121347,9.67982927243223,1
10.107349355829088,9.283513829852325,1
10.439608709948022,8.928472872960448,1
12.326727963283783,10.173511951439288,1
11.233817368154783,8.168734525043467,1
10.313295392507133,7.060494814180337,1
11.462679600126627,9.779413927746791,1
9.772322357446624,10.882475809726865,1
10.496895147105343,11.46331769068354,1
9.595187597059944,8.53185442632654,1
13.09112188732298,12.633011263664809,1
9.169526041979228,8.203183161116726,1
11.958218210731491,10.031505762449138,1
8.340497538990958,8.205690063878993,1
12.10419146640415,7.897223405811578,1
10.336138722715624,10.018888601172693,1
8.199555389416336,9.498248146238575,1
14.618321212682856,11.679362367151866,1
10.272799382587742,10.372330879450503,1
7.558686343175256,10.072127419992071,1
10.341189901906194,11.960714131423645,1
8.04329574924272,11.004508823245056,1
10.506403993112803,9.382184550816298,1
11.308480955081016,10.275013008607528,1
9.839454460068165,8.44713651637094,1
8.665728355561715,8.776284572551843,1
13.215916133987989,10.950878533477017,1
7.782120631330238,11.715631064810394,1
12.947087699374585,10.052895327957591,1
10.772571529459071,15.779097235982082,1
11.233090239991736,12.845189473980922,1
8.537977494659017,11.180626905613678,1
9.587422454272534,6.547118252896623,1
10.444180415596865,10.391582908269834,1
10.968063924377722,12.052947336298525,1
10.096420028643196,8.38338283310604,1
9.67347819515917,11.648165277980786,1
9.1348430041475,11.133086838738636,1
11.21929317825844,10.944443262885418,1
9.022245838296762,10.07109800697462,1
11.253538168097712,8.305439718013574,1
11.286489434803029,9.76009220505486,1
10.145493947489078,10.892735538155373,1
10.415036198995027,11.240774873554036,1
11.769160181081933,9.296236521842944,1
10.484077840507132,8.759153584671516,1
7.430298206363684,12.03080856124812,1
10.07278244191724,8.753574825383444,1
11.120940407684891,10.915555398150197,1
10.389583752582222,8.643525062343388,1
9.972230296011416,9.567012041619792,1
9.527096133039482,11.138453830739902,1
12.176715411692562,11.43890623912781,1
11.75167309248971,10.38163126495182,1
7.72094505106898,9.273648890700622,1
9.9797541628931,8.41343360656615,1
10.93850102164751,8.714263665375576,1
8.772668975149791,13.138580913528193,1
12.442923318356938,7.929847812677663,1
10.591678213567445,9.368523278769606,1
9.339933269954525,10.196110865929136,1
11.556309916386848,9.23497540171788,1
10.490391060646244,9.671349206786704,1
10.782912348425349,10.445477009849778,1
9.603014750143066,14.080253749884427,1
10.515427434352691,7.355439766955899,1
9.030140673636213,8.377677994578407,1
10.880285640700404,13.285683438714967,1
11.916497343682638,9.112642916746257,1
10.06835775985572,9.022599478591276,1
10.007865549577277,10.070470890647114,1
11.74474562823244,10.01534959152938,1
11.349399813149876,10.460949281314914,1
10.386325586084146,9.88833112635075,1
10.74507122951685,9.792603548243225,1
9.836859777314714,10.602567583148412,1
9.271954678256344,10.122811209079485,1
10.536681040522424,10.841176789552351,1
9.641577929700386,8.638654506937604,1
9.900880302029025,8.183475700356315,1
8.552614809129842,11.02907718999766,1
8.741173715166042,9.536181436223178,1
7.876943886924378,9.369032015851962,1
8.39366125290833,10.72370862286478,1
10.85633576603975,11.7033484602709,1
13.18323429551895,11.54869789082672,1
9.62114777291026,8.128325227052725,1
8.766669406650353,10.365530817237868,1
10.434662285344618,13.113101197968158,1
13.471987850010263,7.199102211112378,1
11.76894577609574,10.101277722115164,1
10.77255290081299,10.770678926368314,1
10.170276017876873,10.99319601178157,1
12.253535578144042,10.111142170629662,1
7.782217014448859,8.920233687407936,1
9.828190232121074,11.856724467960191,1
12.448616955897451,7.85478793305905,1
6.070382343865384,11.232853756562836,1
9.111409113641695,8.704013845480276,1
12.19847315338233,9.661335549270197,1
10.535523228947572,8.960635607109019,1
8.825120061495644,9.516907725691487,1
11.801820883245917,9.387886940467672,1
11.306687055147538,9.510964701748238,1
10.949172799159427,13.406039286706594,1
8.865473882073545,7.866619435603489,1
8.927044436110048,11.019396623402011,1
8.729809422897393,7.727729162971203,1
10.665729142219345,11.161951080144004,1
9.293442541572515,10.348074906036455,1
8.946920359183972,9.508506780103348,1
21.12223544874888,3.8785191497661753,3
19.8461112281751,5.24123787386689,3
21.172519015137244,4.819378959610772,3
20.25817484827047,4.338215245158142,3
20.171274995304163,4.00340897703041,3
20.73232169416166,5.263000887727747,3
20.0465669747568,4.085623761735501,3
19.41570669462629,5.17316687166558,3
19.470570828185288,5.681946667836979,3
19.747784604287723,5.607175376394614,3
20.65002065791536,6.0849920228566585,3
19.25845562273753,4.95237971515056,3
20.010401513502327,6.1628272617258535,3
19.21479307916164,5.369682779410617,3
19.61666060972377,4.851472818668946,3
21.70642669972501,3.4383297603819987,3
20.221352639464016,5.661746599228819,3
20.055841667992016,4.691749122510592,3
19.288388456299582,4.3473517720276496,3
20.181967947683304,6.045714203425943,3
19.63148898323217,5.845697780975133,3
20.079721092070116,4.597219476707041,3
20.073408621228403,3.4099448683192857,3
20.660333079190423,5.650807708800511,3
19.98478703367785,4.197976508289753,3
19.83350219971418,4.605599252272934,3
19.983278724828683,5.093861906647025,3
20.2003942802767,5.2771585675975805,3
19.18973510373246,5.25139786607622,3
20.3303451634205,4.54902035775682,3
20.355055542516983,5.61970724274347,3
18.6294923767273,6.08309789933233,3
20.03645747192305,4.478719721915346,3
18.937451160881256,5.157488988695299,3
19.56449382037985,5.088738071767893,3
19.82426248972999,5.285690057209397,3
20.926488698800053,5.6333301551703485,3
19.455980222737207,5.185802957728803,3
20.41203814904484,8.082185192523777,3
19.33960224256599,4.742891326677605,3
19.647964410642413,5.104592461828873,3
20.19597325688698,4.594445459703096,3
19.273580739583032,3.870157038931767,3
20.43767790493603,4.838245878052884,3
19.97133916871204,6.251714924651205,3
20.55211519336889,4.679023622491331,3
19.519489048064955,4.766645000165378,3
20.28930882003811,4.4839041963159,3
20.59783488409861,5.488296212346772,3
20.65803592968255,4.023325080023183,3
19.20757093989545,4.546961816317783,3
20.91425825161201,5.60154642614942,3
21.697724957610102,5.825972208440918,3
19.93831863246872,5.272921579853315,3
20.403989823184364,5.692604155336097,3
20.15924775645877,4.519826498272964,3
20.7800957867342,4.8823540947982895,3
20.19356981725283,3.4693758042737617,3
20.286229888278623,5.448627621094587,3
19.26446061261296,6.239947524014031,3
19.97223058423581,4.065057569904374,3
18.78450402723679,4.612612741706998,3
21.15301863125289,3.851310279056448,3
21.160914886236032,5.767416660868165,3
20.518150830480558,6.218423885126421,3
20.82479961799676,5.745024095292959,3
19.07920513806216,5.300558414676537,3
21.30592904314531,3.8558868976314935,3
19.87857192397153,5.470653765187661,3
20.077596771994173,5.4761256203495305,3
19.62004375107124,4.477336613941031,3
19.788274533409638,7.176135333271695,3
20.28911648440673,6.230429253172775,3
18.379885930673915,5.149163451815542,3
20.37859009965884,4.941736869874502,3
19.686313477494277,3.829188041494305,3
20.46948567504021,6.752364500647983,3
20.060643646554983,4.45827063079031,3
20.54556237703597,4.751786594725235,3
20.25926717551584,4.691934175666947,3
20.207906235398735,5.625458297421848,3
19.825855037418226,5.879021481589752,3
19.576191836986368,5.410613946490685,3
20.179273985448333,5.010073920625436,3
20.236896221651666,5.208844217743912,3
20.930531001723967,5.008186448815669,3
20.077662039478437,5.774915992426312,3
21.72254596600925,4.38612194968956,3
20.65028969507117,5.503703073538889,3
19.912991881234515,5.3213693776791535,3
20.65081377389573,4.015308546852836,3
19.908368123797903,5.99025304957877,3
19.907481374089407,4.759117043528569,3
19.392693870757043,5.120315029180966,3
21.18231523579321,4.585383825381082,3
19.42524462299805,4.829242278630522,3
20.94355209657703,4.624659478316236,3
19.62442049125204,5.434048034868772,3
20.59077326399633,5.137094624951977,3
20.167090876003805,3.43226390089618,3
20.090813876201,5.529704539616837,3
20.63282555763444,4.272490036164209,3
21.044383045723464,5.016803073306208,3
20.686127698561616,4.872049176029258,3
19.82122977173932,5.5712003952736735,3
19.458462399755238,5.489341031072694,3
19.38173982836994,4.810545114607993,3
19.64278803834638,5.6851190354587775,3
19.15015702901912,5.378873944508145,3
20.274894631654767,3.589567875709813,3
18.464983027760766,4.978788899640627,3
20.05142401527637,4.137804177656555,3
20.412028213766927,5.411028760729767,3
19.98518949120609,4.769073088863889,3
18.620065733989573,4.550169976607222,3
19.51863471021648,6.48182254760715,3
21.41236339222488,5.323985368768764,3
18.84153252680214,3.874028980498756,3
19.04695720223788,5.525242886907064,3
18.94381343438349,6.465167012683483,3
21.751842346574136,4.353361371715879,3
19.36598340925384,4.9082108468264805,3
21.851726853338807,3.5061878459266014,3
19.427757032592027,5.543678199147741,3
19.34222368354685,5.19494976919353,3
20.259333081990757,4.895885556505853,3
19.353205117685448,4.598594365132371,3
20.76320141079456,5.521113001044639,3
18.991292836531965,5.734289557643821,3
20.697856509376543,5.146673604590681,3
19.281268262921312,5.393535337205204,3
20.248726052478403,6.180284973559642,3
19.37339736613101,4.742350787035459,3
20.657648127995596,6.517434386123158,3
19.98920222020965,4.15383125683528,3
19.01043943129753,3.9436347095325783,3
17.40698612794474,4.180489886932568,3
19.32862598142189,4.7526300993190285,3
19.19518609480024,4.028649109769814,3
19.220254663818142,5.629667682993961,3
19.32822252625538,4.520485883644782,3
20.456712408554534,5.908452512144479,3
20.28561238877204,4.445672323791476,3
19.52850819444463,5.67968167761682,3
19.725828386778584,4.358178184622705,3
20.500533878212003,4.314273954866974,3
21.49261960891581,5.37906633672943,3
20.26501074512285,5.780436101697887,3
20.92687646320592,4.343454145318631,3
20.138544740680945,5.308253903783069,3
19.990202581722468,4.282196502811335,3
17.904203916728203,5.657522003500179,3
18.897864505634328,4.249739968067901,3
20.41755325249352,5.237587738586549,3
18.759469255147096,5.054850379844821,3
21.26881345291628,4.009747600938521,3
20.078140878839065,4.381592172915627,3
19.336803991262343,4.551855167842424,3
19.43835752489812,4.737870282721786,3
20.54900815229961,3.709827303048279,3
20.019608139407158,5.39839863299636,3
20.048184167952822,6.970593689988229,3
20.27340478062173,6.500936671372709,3
21.508948720968423,5.139662250265471,3
20.05402256375034,3.8602014510292335,3
20.00409076531397,4.812330293299882,3
19.03976287435538,4.732399011327241,3
18.300883420552157,4.579395982655392,3
21.71515527146026,5.507135217854409,3
19.345423453413225,6.673909820548368,3
21.02213191663074,4.526742888931336,3
20.069637654590537,4.760794119627306,3
18.71401341235102,5.147707086825843,3
20.76033907054884,4.538477075470078,3
19.14328600155111,5.385977932194548,3
19.94239190273573,5.80282631831362,3
19.114932020795177,4.043034700735463,3
19.62245450736845,5.871160477573893,3
21.263370252405917,5.613947783322328,3
19.623169355505343,5.185639949886109,3
18.86770340635967,4.663483741787712,3
20.397371322408983,4.889388559063052,3
19.61170916173672,5.065499311509058,3
20.234457978638947,4.428518865578906,3
19.803689507197703,4.397011068514008,3
20.224793494188027,4.501840384143525,3
20.770700903395458,5.330224741549198,3
20.499295853641723,5.502676407411424,3
19.870971430667197,5.323240685451631,3
18.817182407706056,4.424124633284233,3
20.415477211392936,6.226191130402063,3
19.81267730022133,4.812690434440656,3
20.86644099454022,5.843041641627923,3
19.79794547888547,4.00177345442812,3
19.32256502554528,3.788122220251308,3
19.62926584575003,4.627416197143795,3
20.20604031257821,4.940443267387066,3
20.7196799003466,5.245839616701288,3
21.013528919349294,4.433864427504975,3
19.29291405103909,5.122980084756422,3
15.141971287372064,14.97815132620294,2
14.748234743033208,14.907236287244636,2
14.424368635410287,14.992045837365234,2
14.856247728646412,14.944302307000855,2
14.707595498931804,15.236125381122736,2
15.246763473630956,14.633746905008694,2
15.077265117216829,14.97766622527015,2
14.795992583526452,15.0696761091483,2
15.439694630676469,14.93226710985404,2
14.727592777343636,14.576308889599412,2
14.929753987582998,14.929758912915243,2
15.083007239799006,15.248154974710808,2
14.789384071836794,14.90170135602067,2
14.73484276913966,15.046117531783658,2
14.92638356519914,14.773879150692752,2
15.289012838773296,15.123834278080947,2
14.796923399908213,15.18350288665226,2
15.2440551652109,14.630740705069814,2
14.733145671112345,14.755256914510367,2
14.951614286500195,15.121215257044362,2
14.934098433648746,15.107133771453524,2
14.72417272972986,15.464980321505262,2
15.0174626155338,14.657108910650813,2
14.702839102460793,14.830110681119168,2
15.246618047998346,15.569037894796184,2
15.14901424590337,14.958520709648644,2
15.029123264804412,15.290593497159866,2
15.020258461406376,14.572575544135963,2
14.866045514379891,15.256919638297042,2
14.556443402889771,14.784046737481589,2
14.681308885882167,15.142077729190554,2
15.221539973998624,15.05141048435699,2
14.9783969635259,15.301059869367608,2
15.187700204329502,14.742852733075114,2
15.309299856748783,15.27938403573486,2
14.214076468773076,15.246570751312568,2
15.051954277755357,15.11559521391865,2
15.062659078501426,14.412098962836067,2
15.06823798038124,15.39214282628473,2
14.976869487175769,15.102345592444992,2
15.087921741989604,14.785694574592087,2
15.02752823296065,14.403729325619732,2
15.10849080751429,14.806464073618464,2
15.099379029421067,15.292663538136708,2
15.077964838274529,15.234546861533191,2
15.347578673702222,14.753795304494489,2
14.989586469088428,14.64939658871414,2
15.473763844652218,15.230230418745872,2
14.932961164402244,15.214200148227627,2
14.859157684219516,15.16276801307579,2
15.237309584112914,14.72718376356158,2
15.274620635310622,15.098625332897903,2
15.559732353343428,15.142149876273535,2
15.064228123239062,14.626278366386405,2
14.989252188267017,15.469393096744202,2
14.74596188457948,14.54554583259424,2
15.56585577036316,15.05237334384955,2
15.15658246968507,15.089095401969956,2
14.860974692156262,14.860281073928922,2
14.678732250581666,15.144741724572956,2
14.897185645041969,14.759316819233517,2
15.088836083119372,15.078316581653969,2
14.628914786736576,14.603863016074715,2
14.642608950839206,15.19696608259015,2
14.76502401229913,14.903381545138297,2
14.965305515283529,14.909668891323212,2
15.42083829328083,14.579444681162316,2
14.517755029631632,15.05539015755969,2
14.942291710565664,15.090464202700083,2
15.003900567563372,15.436060223147194,2
14.575388777384877,14.873806403170391,2
15.176057128140082,15.657136687742993,2
14.66809950779819,14.641138012775798,2
14.53480097068016,15.020568892441808,2
14.819808393024358,14.912491875062017,2
15.075147855103763,15.103934462849091,2
14.65470192677331,15.112709405503702,2
14.819488016331182,15.555683455352682,2
14.48252465024609,14.831313741227708,2
15.029895409526292,14.84895730376514,2
14.601544185330471,15.059058370760738,2
14.841071938869888,15.153980229934009,2
15.108418681652523,15.461410969939791,2
15.018069062982308,15.738972633745586,2
15.07258868146981,14.42601592660266,2
15.342846844354506,15.225579909806031,2
14.836685182642444,15.03327677691296,2
14.861808368712063,15.317136667865675,2
15.10308548687054,14.47108795339118,2
15.00153403699274,14.929623859987457,2
15.097225190818438,14.884475315875106,2
15.443368213422454,14.844518934517906,2
15.026114120471451,14.91029779486024,2
14.882367554060352,14.560945515560364,2
14.757451919132045,14.84947288692464,2
14.696150663899672,15.094274199778582,2
15.24375774671826,15.406872008571249,2
14.99595083257862,14.68268672131323,2
14.920602950028613,15.816050749976885,2
15.194306561430208,15.456908956922408,2
